time,open,high,low,close,ema25,ema50,MA200,MA50,MA200,MA50,Volume,RSI,RSI-based MA,Upper Bollinger Band,Histogram,MACD,Signal,EPS Estimate FQ,EPS Estimate FY,Revenue Estimate FQ,Revenue Estimate FY
1707489000,97.579,99.55,96.593,98.564,95.607,93.636,88.708,93.636,88.708,93.636,4554394,62.091,50,,-0.874,-3.821,2.61,1.0,4,10000000000,35000000000
1707748200,97.563,99.533,96.577,98.548,95.592,93.621,88.693,93.621,88.693,93.621,2592221,61.549,50,,-0.812,-4.717,3.358,1.0,4,10000000000,35000000000
1707834600,97.385,99.352,96.401,98.368,95.417,93.45,88.531,93.45,88.531,93.45,4197234,60.686,50,,0.392,-2.337,3.018,1.0,4,10000000000,35000000000
1707921000,97.855,99.832,96.866,98.843,95.878,93.901,88.959,93.901,88.959,93.901,1428771,66.057,50,,-0.939,-4.746,0.414,1.0,4,10000000000,35000000000
1708007400,99.758,101.773,98.75,100.765,97.742,95.727,90.689,95.727,90.689,95.727,2598886,57.459,50,,0.938,2.259,0.276,1.0,4,10000000000,35000000000
1708093800,100.962,103.002,99.942,101.982,98.922,96.883,91.784,96.883,91.784,96.883,4939151,49.832,50,,-0.534,-2.691,-2.812,1.0,4,10000000000,35000000000
1708353000,100.892,102.93,99.873,101.911,98.854,96.815,91.72,96.815,91.72,96.815,2215432,67.06,50,,-0.168,4.163,4.222,1.0,4,10000000000,35000000000
1708439400,99.298,101.304,98.295,100.301,97.292,95.286,90.271,95.286,90.271,95.286,3639697,69.702,50,,0.72,-3.791,-1.673,1.0,4,10000000000,35000000000
1708525800,100.321,102.347,99.307,101.334,98.294,96.267,91.201,96.267,91.201,96.267,3982954,50.032,50,,0.934,0.077,4.102,1.0,4,10000000000,35000000000
1708612200,99.114,101.117,98.113,100.115,97.112,95.11,90.104,95.11,90.104,95.11,2191850,53.503,50,,0.765,3.462,0.053,1.0,4,10000000000,35000000000
1708698600,99.584,101.596,98.578,100.59,97.572,95.56,90.531,95.56,90.531,95.56,1144811,49.209,50,,0.487,-0.957,1.647,1.0,4,10000000000,35000000000
1708957800,99.128,101.13,98.126,100.129,97.125,95.122,90.116,95.122,90.116,95.122,4702446,58.122,50,,0.349,-1.253,-0.61,1.0,4,10000000000,35000000000
1709044200,99.262,101.267,98.259,100.265,97.257,95.251,90.238,95.251,90.238,95.251,4265024,36.548,50,,0.68,-1.295,2.328,1.0,4,10000000000,35000000000
1709130600,99.233,101.238,98.231,100.236,97.229,95.224,90.212,95.224,90.212,95.224,2294066,58.135,50,,0.966,0.932,-1.064,1.0,4,10000000000,35000000000
1709217000,97.959,99.938,96.969,98.948,95.98,94.001,89.053,94.001,89.053,94.001,3106541,39.077,50,,-0.975,-3.005,4.201,1.0,4,10000000000,35000000000
1709303400,98.255,100.24,97.263,99.248,96.27,94.285,89.323,94.285,89.323,94.285,2696406,50.551,50,,0.905,0.778,-0.409,1.0,4,10000000000,35000000000
1709562600,97.402,99.369,96.418,98.385,95.434,93.466,88.547,93.466,88.547,93.466,3298463,54.358,50,,0.459,-1.163,3.569,1.0,4,10000000000,35000000000
1709649000,99.359,101.366,98.355,100.362,97.352,95.344,90.326,95.344,90.326,95.344,4936183,59.62,50,,0.618,0.187,0.614,1.0,4,10000000000,35000000000
1709735400,99.15,101.153,98.148,100.151,97.147,95.144,90.136,95.144,90.136,95.144,1235398,49.244,50,,-0.271,0.544,4.41,1.0,4,10000000000,35000000000
1709821800,98.888,100.886,97.889,99.887,96.891,94.893,89.898,94.893,89.898,94.893,4411443,44.272,50,,-0.308,0.385,1.235,1.0,4,10000000000,35000000000
1709908200,99.454,101.463,98.45,100.459,97.445,95.436,90.413,95.436,90.413,95.436,2921606,53.994,50,,0.609,1.354,0.508,1.0,4,10000000000,35000000000
1710167400,98.22,100.205,97.228,99.212,96.236,94.252,89.291,94.252,89.291,94.252,1384204,61.938,50,,0.594,3.164,-2.447,1.0,4,10000000000,35000000000
1710253800,99.728,101.743,98.721,100.736,97.714,95.699,90.662,95.699,90.662,95.699,3823242,32.818,50,,0.736,-0.47,2.541,1.0,4,10000000000,35000000000
1710340200,98.912,100.91,97.912,99.911,96.913,94.915,89.92,94.915,89.92,94.915,2126765,34.38,50,,0.25,-1.556,-4.305,1.0,4,10000000000,35000000000
1710426600,97.596,99.568,96.611,98.582,95.625,93.653,88.724,93.653,88.724,93.653,3211993,68.078,50,,0.313,1.482,-2.055,1.0,4,10000000000,35000000000
1710513000,98.525,100.515,97.529,99.52,96.534,94.544,89.568,94.544,89.568,94.544,3082445,48.951,50,,-0.953,-1.134,-0.791,1.0,4,10000000000,35000000000
1710772200,97.332,99.299,96.349,98.315,95.366,93.4,88.484,93.4,88.484,93.4,1456179,40.138,50,,0.46,4.767,4.656,1.0,4,10000000000,35000000000
1710858600,97.15,99.113,96.169,98.131,95.188,93.225,88.318,93.225,88.318,93.225,1087317,39.015,50,,-0.205,-4.647,4.599,1.0,4,10000000000,35000000000
1710945000,97.026,98.986,96.046,98.006,95.065,93.105,88.205,93.105,88.205,93.105,3123615,57.127,50,,0.089,-2.794,4.756,1.0,4,10000000000,35000000000
1711031400,98.336,100.323,97.343,99.33,96.35,94.363,89.397,94.363,89.397,94.363,3166775,48.034,50,,0.048,-4.693,1.749,1.0,4,10000000000,35000000000
1711117800,99.688,101.701,98.681,100.695,97.674,95.66,90.625,95.66,90.625,95.66,3767501,55.238,50,,-0.882,-2.014,4.679,1.0,4,10000000000,35000000000
1711377000,101.36,103.407,100.336,102.383,99.312,97.264,92.145,97.264,92.145,97.264,2285078,32.829,50,,-0.847,4.172,-2.021,1.0,4,10000000000,35000000000
1711463400,100.006,102.026,98.996,101.016,97.986,95.965,90.914,95.965,90.914,95.965,3369533,40.094,50,,-0.983,3.787,-4.621,1.0,4,10000000000,35000000000
1711549800,101.448,103.497,100.423,102.472,99.398,97.349,92.225,97.349,92.225,97.349,4778283,52.811,50,,-0.657,3.678,4.738,1.0,4,10000000000,35000000000
1711636200,102.418,104.487,101.384,103.453,100.349,98.28,93.108,98.28,93.108,98.28,3134371,31.497,50,,-0.599,-4.01,0.734,1.0,4,10000000000,35000000000
1711722600,104.227,106.332,103.174,105.279,102.121,100.015,94.751,100.015,94.751,100.015,3480550,37.765,50,,-0.791,1.66,-2.039,1.0,4,10000000000,35000000000
1711981800,104.33,106.438,103.276,105.384,102.222,100.115,94.845,100.115,94.845,100.115,2364598,54.485,50,,-0.195,-2.186,-3.43,1.0,4,10000000000,35000000000
1712068200,106.001,108.142,104.93,107.072,103.859,101.718,96.364,101.718,96.364,101.718,4402163,69.482,50,,0.565,-1.609,-2.87,1.0,4,10000000000,35000000000
1712154600,106.884,109.043,105.804,107.963,104.724,102.565,97.167,102.565,97.167,102.565,4513572,45.169,50,,0.095,4.144,3.377,1.0,4,10000000000,35000000000
1712241000,107.145,109.309,106.062,108.227,104.98,102.816,97.404,102.816,97.404,102.816,4221020,69.42,50,,-0.531,2.255,-4.153,1.0,4,10000000000,35000000000
1712327400,105.765,107.902,104.697,106.834,103.629,101.492,96.15,101.492,96.15,101.492,4820959,51.528,50,,-0.464,-1.678,0.059,1.0,4,10000000000,35000000000
1712586600,104.784,106.901,103.726,105.842,102.667,100.55,95.258,100.55,95.258,100.55,2421246,43.611,50,,-0.418,3.674,1.04,1.0,4,10000000000,35000000000
1712673000,106.888,109.048,105.809,107.968,104.729,102.57,97.171,102.57,97.171,102.57,4721459,49.552,50,,0.16,2.703,-1.793,1.0,4,10000000000,35000000000
1712759400,106.576,108.729,105.499,107.652,104.423,102.27,96.887,102.27,96.887,102.27,2594801,64.647,50,,0.576,3.285,-1.591,1.0,4,10000000000,35000000000
1712845800,107.198,109.364,106.115,108.281,105.032,102.867,97.453,102.867,97.453,102.867,4279541,67.047,50,,-0.847,0.503,0.66,1.0,4,10000000000,35000000000
1712932200,109.341,111.55,108.237,110.446,107.132,104.924,99.401,104.924,99.401,104.924,2530467,65.631,50,,0.129,4.251,-0.422,1.0,4,10000000000,35000000000
1713191400,108.427,110.618,107.332,109.523,106.237,104.047,98.57,104.047,98.57,104.047,4300978,31.83,50,,-0.409,1.137,-4.855,1.0,4,10000000000,35000000000
1713277800,108.142,110.327,107.05,109.234,105.957,103.773,98.311,103.773,98.311,103.773,4464998,65.402,50,,-0.92,-2.604,4.882,1.0,4,10000000000,35000000000
1713364200,107.891,110.071,106.802,108.981,105.712,103.532,98.083,103.532,98.083,103.532,1484686,48.036,50,,0.362,-3.411,3.45,1.0,4,10000000000,35000000000
1713450600,107.705,109.881,106.617,108.793,105.529,103.354,97.914,103.354,97.914,103.354,2586609,62.259,50,,0.086,3.184,0.502,1.0,4,10000000000,35000000000
1713537000,108.77,110.968,107.672,109.869,106.573,104.375,98.882,104.375,98.882,104.375,2318939,34.005,50,,0.304,-4.604,-4.895,1.0,4,10000000000,35000000000
1713796200,111.084,113.328,109.962,112.206,108.84,106.595,100.985,106.595,100.985,106.595,2239625,59.059,50,,-0.359,-1.087,-1.014,1.0,4,10000000000,35000000000
1713882600,109.161,111.367,108.059,110.264,106.956,104.751,99.238,104.751,99.238,104.751,2331060,68.793,50,,0.94,-3.886,-2.848,1.0,4,10000000000,35000000000
1713969000,109.811,112.029,108.702,110.92,107.592,105.374,99.828,105.374,99.828,105.374,4738003,51.717,50,,0.376,1.618,-2.409,1.0,4,10000000000,35000000000
1714055400,110.112,112.337,109.0,111.225,107.888,105.663,100.102,105.663,100.102,105.663,2288998,37.969,50,,-0.279,3.2,-4.106,1.0,4,10000000000,35000000000
1714141800,111.394,113.644,110.269,112.519,109.144,106.893,101.267,106.893,101.267,106.893,1379536,56.08,50,,0.287,4.407,-1.095,1.0,4,10000000000,35000000000
1714401000,110.601,112.836,109.484,111.719,108.367,106.133,100.547,106.133,100.547,106.133,2372549,37.473,50,,0.585,0.79,4.214,1.0,4,10000000000,35000000000
1714487400,109.531,111.744,108.425,110.638,107.319,105.106,99.574,105.106,99.574,105.106,1423405,51.769,50,,0.158,0.96,-2.549,1.0,4,10000000000,35000000000
1714573800,107.434,109.605,106.349,108.52,105.264,103.094,97.668,103.094,97.668,103.094,2022400,46.071,50,,-0.464,3.676,2.292,1.0,4,10000000000,35000000000
1714660200,105.383,107.512,104.318,106.447,103.254,101.125,95.803,101.125,95.803,101.125,1041594,41.633,50,,0.584,-0.067,3.626,1.0,4,10000000000,35000000000
1714746600,103.958,106.058,102.907,105.008,101.857,99.757,94.507,99.757,94.507,99.757,3103148,61.11,50,,-0.344,0.093,1.652,1.2,4,11000000000,35000000000
1715005800,102.662,104.736,101.625,103.699,100.588,98.514,93.329,98.514,93.329,98.514,1627312,69.396,50,,0.643,-1.802,-3.931,1.2,4,11000000000,35000000000
1715092200,102.827,104.904,101.788,103.866,100.75,98.672,93.479,98.672,93.479,98.672,4856062,54.076,50,,-0.747,-2.933,0.455,1.2,4,11000000000,35000000000
1715178600,103.891,105.99,102.842,104.941,101.793,99.694,94.447,99.694,94.447,99.694,4270481,42.643,50,,0.806,3.039,4.072,1.2,4,11000000000,35000000000
1715265000,105.482,107.613,104.416,106.547,103.351,101.22,95.893,101.22,95.893,101.22,4129726,69.477,50,,-0.589,-2.011,0.375,1.2,4,11000000000,35000000000
1715351400,103.587,105.68,102.541,104.634,101.495,99.402,94.17,99.402,94.17,99.402,4615905,56.711,50,,-0.495,-4.356,4.634,1.2,4,11000000000,35000000000
1715610600,105.032,107.154,103.971,106.093,102.91,100.788,95.484,100.788,95.484,100.788,3303805,40.009,50,,-0.121,0.381,-4.891,1.2,4,11000000000,35000000000
1715697000,106.621,108.775,105.544,107.698,104.467,102.313,96.928,102.313,96.928,102.313,1719396,40.319,50,,-0.951,1.464,-0.833,1.2,4,11000000000,35000000000
1715783400,107.043,109.206,105.962,108.125,104.881,102.718,97.312,102.718,97.312,102.718,1261395,57.668,50,,0.16,0.935,-3.615,1.2,4,11000000000,35000000000
1715869800,109.323,111.531,108.219,110.427,107.114,104.906,99.384,104.906,99.384,104.906,2161462,45.912,50,,-0.198,1.124,-2.665,1.2,4,11000000000,35000000000
1715956200,107.171,109.336,106.088,108.253,105.006,102.841,97.428,102.841,97.428,102.841,3217535,42.69,50,,0.786,4.204,4.301,1.2,4,11000000000,35000000000
1716215400,107.904,110.084,106.814,108.994,105.724,103.544,98.095,103.544,98.095,103.544,1946782,39.535,50,,-0.01,-0.212,-2.749,1.2,4,11000000000,35000000000
1716301800,107.614,109.788,106.527,108.701,105.44,103.266,97.831,103.266,97.831,103.266,3350519,54.451,50,,0.456,1.534,4.724,1.2,4,11000000000,35000000000
1716388200,106.454,108.605,105.379,107.529,104.303,102.153,96.776,102.153,96.776,102.153,4865485,32.862,50,,0.023,3.774,-3.405,1.2,4,11000000000,35000000000
1716474600,107.75,109.927,106.661,108.838,105.573,103.396,97.954,103.396,97.954,103.396,4703610,38.154,50,,-0.403,-2.004,0.523,1.2,4,11000000000,35000000000
1716561000,106.342,108.491,105.268,107.417,104.194,102.046,96.675,102.046,96.675,102.046,3941364,59.457,50,,0.189,3.563,3.966,1.2,4,11000000000,35000000000
1716820200,108.504,110.696,107.408,109.6,106.312,104.12,98.64,104.12,98.64,104.12,3395923,45.088,50,,-0.688,-0.732,4.417,1.2,4,11000000000,35000000000
1716906600,109.613,111.827,108.506,110.72,107.398,105.184,99.648,105.184,99.648,105.184,4281072,32.085,50,,0.363,2.172,-1.52,1.2,4,11000000000,35000000000
1716993000,109.792,112.01,108.683,110.901,107.574,105.356,99.811,105.356,99.811,105.356,1691213,51.769,50,,0.989,0.242,-4.096,1.2,4,11000000000,35000000000
1717079400,108.773,110.97,107.674,109.871,106.575,104.378,98.884,104.378,98.884,104.378,1423819,40.701,50,,0.826,4.594,-3.609,1.2,4,11000000000,35000000000
1717165800,110.141,112.366,109.029,111.254,107.916,105.691,100.128,105.691,100.128,105.691,4531313,68.672,50,,0.373,-4.18,3.51,1.2,4,11000000000,35000000000
1717425000,109.053,111.256,107.952,110.155,106.85,104.647,99.139,104.647,99.139,104.647,4569356,45.294,50,,0.605,-0.671,-3.352,1.2,4,11000000000,35000000000
1717511400,108.363,110.552,107.268,109.457,106.174,103.985,98.512,103.985,98.512,103.985,1529866,54.896,50,,-0.024,-2.88,-0.687,1.2,4,11000000000,35000000000
1717597800,108.626,110.821,107.529,109.723,106.432,104.237,98.751,104.237,98.751,104.237,4813864,34.724,50,,-0.409,-2.518,2.496,1.2,4,11000000000,35000000000
1717684200,106.472,108.623,105.397,107.547,104.321,102.17,96.793,102.17,96.793,102.17,1796241,51.135,50,,0.158,-4.692,4.731,1.2,4,11000000000,35000000000
1717770600,105.426,107.556,104.361,106.491,103.296,101.166,95.842,101.166,95.842,101.166,2092183,38.264,50,,-0.43,0.423,-2.268,1.2,4,11000000000,35000000000
1718029800,105.911,108.05,104.841,106.981,103.771,101.632,96.283,101.632,96.283,101.632,2052276,63.294,50,,-0.107,3.612,3.551,1.2,4,11000000000,35000000000
1718116200,104.54,106.652,103.484,105.596,102.428,100.316,95.036,100.316,95.036,100.316,2497179,49.632,50,,0.711,2.691,0.705,1.2,4,11000000000,35000000000
1718202600,104.132,106.235,103.08,105.184,102.028,99.924,94.665,99.924,94.665,99.924,2191381,62.422,50,,0.808,-4.758,0.693,1.2,4,11000000000,35000000000
1718289000,102.107,104.17,101.076,103.138,100.044,97.981,92.825,97.981,92.825,97.981,2243244,68.598,50,,0.522,4.735,-3.634,1.2,4,11000000000,35000000000
1718375400,102.211,104.276,101.178,103.243,100.146,98.081,92.919,98.081,92.919,98.081,3401567,62.219,50,,-0.126,1.773,2.586,1.2,4,11000000000,35000000000
1718634600,101.556,103.608,100.53,102.582,99.504,97.453,92.324,97.453,92.324,97.453,1519677,47.693,50,,-0.101,-1.952,-1.006,1.2,4,11000000000,35000000000
1718721000,102.865,104.943,101.826,103.904,100.787,98.709,93.514,98.709,93.514,98.709,3866441,52.857,50,,-0.774,4.178,-1.176,1.2,4,11000000000,35000000000
1718807400,103.214,105.299,102.171,104.256,101.129,99.043,93.831,99.043,93.831,99.043,2164427,55.421,50,,0.445,2.386,2.284,1.2,4,11000000000,35000000000
1718893800,102.012,104.072,100.981,103.042,99.951,97.89,92.738,97.89,92.738,97.89,4872636,48.463,50,,0.669,-0.91,2.446,1.2,4,11000000000,35000000000
1718980200,104.203,106.308,103.15,105.255,102.098,99.992,94.73,99.992,94.73,99.992,2280674,58.116,50,,-0.101,1.688,-3.026,1.2,4,11000000000,35000000000
1719239400,104.421,106.531,103.367,105.476,102.312,100.202,94.929,100.202,94.929,100.202,3846037,45.567,50,,-0.148,-0.947,3.612,1.2,4,11000000000,35000000000
1719325800,104.896,107.015,103.837,105.956,102.777,100.658,95.36,100.658,95.36,100.658,4077909,57.98,50,,0.935,-4.323,4.876,1.2,4,11000000000,35000000000
1719412200,103.889,105.988,102.84,104.939,101.79,99.692,94.445,99.692,94.445,99.692,3721035,41.635,50,,-0.958,2.213,-3.439,1.2,4,11000000000,35000000000
1719498600,105.21,107.335,104.147,106.273,103.084,100.959,95.645,100.959,95.645,100.959,2666470,61.299,50,,0.693,2.675,3.153,1.2,4,11000000000,35000000000
1719585000,105.781,107.918,104.713,106.85,103.644,101.507,96.165,101.507,96.165,101.507,2465699,66.506,50,,0.597,-0.889,1.85,1.2,4,11000000000,35000000000
1719844200,105.015,107.136,103.954,106.075,102.893,100.772,95.468,100.772,95.468,100.772,2938065,63.319,50,,-0.031,-0.329,-4.546,1.2,4,11000000000,35000000000
1719930600,105.165,107.289,104.103,106.227,103.04,100.916,95.605,100.916,95.605,100.916,4123698,53.625,50,,-0.86,-4.33,-0.575,1.2,4,11000000000,35000000000
1720017000,103.787,105.883,102.738,104.835,101.69,99.593,94.351,99.593,94.351,99.593,3978979,67.845,50,,0.381,-0.981,1.889,1.2,4,11000000000,35000000000
1720103400,104.348,106.456,103.294,105.402,102.24,100.132,94.862,100.132,94.862,100.132,1876145,51.124,50,,-0.526,-1.661,-4.314,1.2,4,11000000000,35000000000
1720189800,105.325,107.453,104.262,106.389,103.198,101.07,95.75,101.07,95.75,101.07,4818241,50.928,50,,-0.264,0.115,2.367,1.2,4,11000000000,35000000000
1720449000,103.965,106.065,102.914,105.015,101.864,99.764,94.513,99.764,94.513,99.764,3739161,59.403,50,,0.993,0.562,-1.441,1.2,4,11000000000,35000000000
1720535400,105.116,107.239,104.054,106.178,102.992,100.869,95.56,100.869,95.56,100.869,2646512,52.442,50,,-0.655,2.898,3.667,1.2,4,11000000000,35000000000
1720621800,104.469,106.579,103.414,105.524,102.358,100.248,94.972,100.248,94.972,100.248,1932471,40.351,50,,0.22,-2.558,1.608,1.2,4,11000000000,35000000000
1720708200,106.117,108.261,105.045,107.189,103.973,101.829,96.47,101.829,96.47,101.829,4642464,54.898,50,,-0.367,-0.682,2.616,1.2,4,11000000000,35000000000
1720794600,107.495,109.667,106.409,108.581,105.323,103.152,97.723,103.152,97.723,103.152,1796501,32.902,50,,0.465,3.711,0.791,1.2,4,11000000000,35000000000
1721053800,107.97,110.151,106.879,109.061,105.789,103.608,98.155,103.608,98.155,103.608,4913004,59.13,50,,0.213,-2.38,0.266,1.2,4,11000000000,35000000000
1721140200,106.439,108.59,105.364,107.514,104.289,102.139,96.763,102.139,96.763,102.139,1579224,65.755,50,,-0.119,-1.902,-0.992,1.2,4,11000000000,35000000000
1721226600,104.828,106.946,103.769,105.887,102.711,100.593,95.298,100.593,95.298,100.593,1864820,58.739,50,,-0.389,-3.936,-1.03,1.2,4,11000000000,35000000000
1721313000,104.9,107.019,103.84,105.959,102.78,100.661,95.363,100.661,95.363,100.661,1419322,68.213,50,,-0.91,3.095,-4.767,1.2,4,11000000000,35000000000
1721399400,106.117,108.26,105.045,107.188,103.973,101.829,96.47,101.829,96.47,101.829,3865965,31.389,50,,0.408,3.149,4.641,1.2,4,11000000000,35000000000
1721658600,106.727,108.883,105.649,107.805,104.571,102.415,97.025,102.415,97.025,102.415,2436310,56.517,50,,-0.451,1.132,-3.273,1.2,4,11000000000,35000000000
1721745000,105.588,107.721,104.521,106.655,103.455,101.322,95.989,101.322,95.989,101.322,1978187,49.801,50,,-0.244,-3.314,-2.683,1.2,4,11000000000,35000000000
1721831400,107.113,109.277,106.031,108.195,104.949,102.786,97.376,102.786,97.376,102.786,2940183,51.881,50,,-0.221,-0.483,-2.421,1.2,4,11000000000,35000000000
1721917800,107.204,109.37,106.121,108.287,105.038,102.872,97.458,102.872,97.458,102.872,1465339,66.379,50,,0.989,-4.538,2.974,1.2,4,11000000000,35000000000
1722004200,108.921,111.122,107.821,110.021,106.721,104.52,99.019,104.52,99.019,104.52,2340392,65.553,50,,0.696,-2.128,-3.041,1.4,4,12000000000,35000000000
1722263400,107.475,109.646,106.389,108.561,105.304,103.133,97.705,103.133,97.705,103.133,4457045,60.342,50,,-0.695,4.137,-4.848,1.4,4,12000000000,35000000000
1722349800,105.981,108.122,104.91,107.051,103.84,101.699,96.346,101.699,96.346,101.699,3788420,51.703,50,,0.129,-2.458,-4.205,1.4,4,12000000000,35000000000
1722436200,106.764,108.921,105.686,107.843,104.607,102.45,97.058,102.45,97.058,102.45,2272558,66.243,50,,-0.929,-4.391,3.406,1.4,4,12000000000,35000000000
1722522600,104.821,106.938,103.762,105.88,102.703,100.586,95.292,100.586,95.292,100.586,2147520,61.232,50,,-0.135,-3.099,-0.003,1.4,4,12000000000,35000000000
1722609000,103.298,105.385,102.255,104.342,101.211,99.124,93.907,99.124,93.907,99.124,2171346,57.471,50,,0.691,1.63,-1.103,1.4,4,12000000000,35000000000
1722868200,103.97,106.07,102.92,105.02,101.87,99.769,94.518,99.769,94.518,99.769,2089859,55.664,50,,-0.514,-4.398,4.352,1.4,4,12000000000,35000000000
1722954600,104.469,106.58,103.414,105.524,102.359,100.248,94.972,100.248,94.972,100.248,2466390,47.139,50,,0.396,1.384,4.691,1.4,4,12000000000,35000000000
1723041000,106.351,108.499,105.277,107.425,104.202,102.054,96.683,102.054,96.683,102.054,3293973,46.506,50,,-0.601,3.801,-0.759,1.4,4,12000000000,35000000000
1723127400,107.183,109.348,106.1,108.265,105.017,102.852,97.439,102.852,97.439,102.852,3992830,40.684,50,,0.221,4.724,-4.277,1.4,4,12000000000,35000000000
1723213800,105.838,107.976,104.769,106.907,103.7,101.562,96.217,101.562,96.217,101.562,1405032,36.04,50,,0.837,3.546,3.522,1.4,4,12000000000,35000000000
1723473000,103.956,106.056,102.906,105.006,101.856,99.756,94.506,99.756,94.506,99.756,1382596,66.494,50,,0.026,0.011,-4.007,1.4,4,12000000000,35000000000
1723559400,103.242,105.328,102.2,104.285,101.157,99.071,93.857,99.071,93.857,99.071,1531110,51.259,50,,-0.113,-3.718,-1.048,1.4,4,12000000000,35000000000
1723645800,104.246,106.352,103.193,105.299,102.14,100.034,94.769,100.034,94.769,100.034,4700699,47.843,50,,0.473,-2.3,-2.5,1.4,4,12000000000,35000000000
1723732200,103.586,105.679,102.54,104.632,101.493,99.401,94.169,99.401,94.169,99.401,2266007,31.368,50,,-0.232,2.326,-1.868,1.4,4,12000000000,35000000000
1723818600,102.08,104.142,101.049,103.111,100.018,97.955,92.8,97.955,92.8,97.955,4332677,45.207,50,,-0.766,1.778,-4.059,1.4,4,12000000000,35000000000
1724077800,103.646,105.739,102.599,104.692,101.552,99.458,94.223,99.458,94.223,99.458,3108640,52.287,50,,-0.34,-1.613,2.836,1.4,4,12000000000,35000000000
1724164200,105.735,107.872,104.667,106.804,103.599,101.463,96.123,101.463,96.123,101.463,3450062,49.246,50,,-0.741,3.147,0.237,1.4,4,12000000000,35000000000
1724250600,106.102,108.245,105.03,107.173,103.958,101.815,96.456,101.815,96.456,101.815,4540016,63.391,50,,0.403,0.356,3.968,1.4,4,12000000000,35000000000
1724337000,107.686,109.861,106.598,108.773,105.51,103.335,97.896,103.335,97.896,103.335,2221909,59.727,50,,-0.6,-1.108,-1.758,1.4,4,12000000000,35000000000
1724423400,107.384,109.553,106.299,108.469,105.215,103.045,97.622,103.045,97.622,103.045,1530020,52.996,50,,-0.913,3.149,1.511,1.4,4,12000000000,35000000000
1724682600,106.651,108.805,105.574,107.728,104.496,102.342,96.955,102.342,96.955,102.342,2251248,42.752,50,,-0.455,2.487,0.201,1.4,4,12000000000,35000000000
1724769000,104.556,106.669,103.5,105.613,102.444,100.332,95.051,100.332,95.051,100.332,1511134,35.95,50,,0.829,-1.744,-1.724,1.4,4,12000000000,35000000000
1724855400,102.768,104.844,101.73,103.806,100.691,98.615,93.425,98.615,93.425,98.615,2172778,49.188,50,,0.826,4.276,4.698,1.4,4,12000000000,35000000000
1724941800,104.233,106.338,103.18,105.286,102.127,100.021,94.757,100.021,94.757,100.021,4881590,33.127,50,,0.158,-4.439,-4.513,1.4,4,12000000000,35000000000
1725028200,104.303,106.41,103.249,105.356,102.196,100.088,94.821,100.088,94.821,100.088,4578158,69.7,50,,0.568,2.029,2.466,1.4,4,12000000000,35000000000
1725287400,103.801,105.898,102.752,104.849,101.704,99.607,94.364,99.607,94.364,99.607,4952349,61.876,50,,-0.26,-1.926,0.983,1.4,4,12000000000,35000000000
1725373800,103.209,105.294,102.166,104.251,101.124,99.039,93.826,99.039,93.826,99.039,3128785,36.712,50,,-0.703,1.872,0.628,1.4,4,12000000000,35000000000
1725460200,105.075,107.198,104.014,106.137,102.953,100.83,95.523,100.83,95.523,100.83,1774269,60.653,50,,0.878,1.197,3.117,1.4,4,12000000000,35000000000
1725546600,107.293,109.46,106.209,108.376,105.125,102.958,97.539,102.958,97.539,102.958,3857650,40.629,50,,-0.786,-2.383,1.321,1.4,4,12000000000,35000000000
1725633000,107.519,109.691,106.433,108.605,105.347,103.175,97.744,103.175,97.744,103.175,1329239,64.206,50,,0.588,-2.826,3.383,1.4,4,12000000000,35000000000
1725892200,107.678,109.853,106.59,108.766,105.503,103.327,97.889,103.327,97.889,103.327,2812316,30.874,50,,-0.264,3.476,2.103,1.4,4,12000000000,35000000000
1725978600,106.808,108.966,105.729,107.887,104.65,102.492,97.098,102.492,97.098,102.492,4738305,38.015,50,,-0.013,3.989,-2.648,1.4,4,12000000000,35000000000
1726065000,106.7,108.856,105.622,107.778,104.545,102.389,97.0,102.389,97.0,102.389,2539981,51.779,50,,0.889,2.982,2.258,1.4,4,12000000000,35000000000
1726151400,108.214,110.4,107.121,109.307,106.028,103.842,98.377,103.842,98.377,103.842,2076095,46.292,50,,-0.983,0.32,-1.193,1.4,4,12000000000,35000000000
1726237800,110.032,112.254,108.92,111.143,107.809,105.586,100.029,105.586,100.029,105.586,1320499,46.15,50,,0.765,2.962,0.846,1.4,4,12000000000,35000000000
1726497000,108.016,110.199,106.925,109.107,105.834,103.652,98.197,103.652,98.197,103.652,4569946,69.515,50,,-0.987,4.605,1.96,1.4,4,12000000000,35000000000
1726583400,108.769,110.966,107.67,109.868,106.572,104.374,98.881,104.374,98.881,104.374,3268164,34.802,50,,-0.395,3.872,2.469,1.4,4,12000000000,35000000000
1726669800,111.028,113.271,109.907,112.15,108.785,106.542,100.935,106.542,100.935,106.542,3277627,55.802,50,,0.988,-2.175,-0.886,1.4,4,12000000000,35000000000
1726756200,113.19,115.476,112.046,114.333,110.903,108.616,102.9,108.616,102.9,108.616,4887236,68.135,50,,-0.183,1.3,-1.922,1.4,4,12000000000,35000000000
1726842600,112.361,114.631,111.226,113.496,110.091,107.821,102.146,107.821,102.146,107.821,3123648,47.767,50,,-0.719,2.725,4.746,1.4,4,12000000000,35000000000
1727101800,111.307,113.555,110.182,112.431,109.058,106.809,101.188,106.809,101.188,106.809,1040289,69.781,50,,0.472,0.659,-1.316,1.4,4,12000000000,35000000000
1727188200,110.96,113.202,109.84,112.081,108.719,106.477,100.873,106.477,100.873,106.477,4928062,56.36,50,,0.502,-4.817,-4.095,1.4,4,12000000000,35000000000
1727274600,109.161,111.366,108.058,110.263,106.955,104.75,99.237,104.75,99.237,104.75,1020209,45.337,50,,-0.071,2.959,-1.274,1.4,4,12000000000,35000000000
1727361000,110.413,112.644,109.298,111.528,108.183,105.952,100.376,105.952,100.376,105.952,3019223,60.745,50,,-0.223,3.035,-0.163,1.4,4,12000000000,35000000000
1727447400,108.876,111.075,107.776,109.976,106.676,104.477,98.978,104.477,98.978,104.477,1621848,30.727,50,,-0.656,-2.398,3.579,1.4,4,12000000000,35000000000
1727706600,109.394,111.604,108.289,110.499,107.184,104.974,99.449,104.974,99.449,104.974,2204373,67.985,50,,-0.174,4.391,-2.127,1.4,4,12000000000,35000000000
1727793000,109.14,111.345,108.037,110.242,106.935,104.73,99.218,104.73,99.218,104.73,2147876,47.34,50,,0.554,-0.142,2.155,1.4,4,12000000000,35000000000
1727879400,109.209,111.416,108.106,110.312,107.003,104.797,99.281,104.797,99.281,104.797,2685710,58.647,50,,-0.817,-3.705,4.665,1.4,4,12000000000,35000000000
1727965800,108.077,110.26,106.985,109.168,105.893,103.71,98.251,103.71,98.251,103.71,1109622,34.131,50,,-0.689,2.747,-4.01,1.4,4,12000000000,35000000000
1728052200,108.864,111.063,107.764,109.964,106.665,104.465,98.967,104.465,98.967,104.465,1786159,63.375,50,,-0.822,1.119,4.958,1.4,4,12000000000,35000000000
1728311400,109.2,111.406,108.097,110.303,106.994,104.787,99.272,104.787,99.272,104.787,3241797,46.875,50,,-0.906,1.516,4.26,1.4,4,12000000000,35000000000
1728397800,110.384,112.614,109.269,111.499,108.154,105.924,100.349,105.924,100.349,105.924,3848216,46.785,50,,0.343,-3.814,-2.347,1.4,4,12000000000,35000000000
1728484200,109.469,111.681,108.363,110.575,107.258,105.046,99.517,105.046,99.517,105.046,3012061,62.205,50,,0.408,-4.523,-2.858,1.4,4,12000000000,35000000000
1728570600,110.242,112.469,109.128,111.355,108.015,105.788,100.22,105.788,100.22,105.788,4633932,45.589,50,,0.337,-2.058,0.078,1.4,4,12000000000,35000000000
1728657000,112.228,114.495,111.094,113.361,109.96,107.693,102.025,107.693,102.025,107.693,1487197,54.244,50,,-0.042,-3.509,1.136,1.4,4,12000000000,35000000000
1728916200,113.294,115.583,112.149,114.438,111.005,108.716,102.994,108.716,102.994,108.716,1700966,50.83,50,,-0.167,3.879,4.921,1.4,4,12000000000,35000000000
1729002600,112.401,114.672,111.266,113.537,110.13,107.86,102.183,107.86,102.183,107.86,3065596,55.346,50,,0.62,4.13,2.887,1.4,4,12000000000,35000000000
1729089000,113.097,115.382,111.955,114.239,110.812,108.527,102.815,108.527,102.815,108.527,4611497,49.439,50,,-0.983,4.89,1.573,1.4,4,12000000000,35000000000
1729175400,115.233,117.561,114.069,116.397,112.905,110.577,104.757,110.577,104.757,110.577,3972925,40.701,50,,0.081,-0.597,2.599,1.4,4,12000000000,35000000000
1729261800,117.005,119.369,115.823,118.187,114.641,112.277,106.368,112.277,106.368,112.277,1958650,50.321,50,,-0.459,-2.537,-3.517,1.6,4,13000000000,35000000000
1729521000,115.924,118.266,114.753,117.095,113.583,111.241,105.386,111.241,105.386,111.241,2710092,52.434,50,,0.197,4.601,0.328,1.6,4,13000000000,35000000000
1729607400,116.571,118.926,115.393,117.748,114.216,111.861,105.974,111.861,105.974,111.861,1624342,67.835,50,,-0.46,-0.199,-1.942,1.6,4,13000000000,35000000000
1729693800,116.645,119.002,115.467,117.823,114.289,111.932,106.041,111.932,106.041,111.932,3091943,44.707,50,,-0.059,-1.616,1.057,1.6,4,13000000000,35000000000
1729780200,115.2,117.527,114.036,116.364,112.873,110.545,104.727,110.545,104.727,110.545,4690611,53.222,50,,-0.098,-3.506,0.039,1.6,4,13000000000,35000000000
1729866600,115.453,117.785,114.287,116.619,113.121,110.788,104.957,110.788,104.957,110.788,1566513,55.803,50,,0.624,3.915,-1.846,1.6,4,13000000000,35000000000
1730125800,115.538,117.872,114.371,116.705,113.204,110.87,105.035,110.87,105.035,110.87,2384294,34.736,50,,0.775,1.983,-2.75,1.6,4,13000000000,35000000000
1730212200,116.31,118.66,115.135,117.485,113.96,111.61,105.736,111.61,105.736,111.61,4477191,58.117,50,,0.126,1.848,-2.738,1.6,4,13000000000,35000000000
1730298600,114.958,117.28,113.797,116.119,112.635,110.313,104.507,110.313,104.507,110.313,3380581,56.396,50,,-0.384,-1.724,2.738,1.6,4,13000000000,35000000000
1730385000,116.626,118.982,115.448,117.804,114.27,111.914,106.024,111.914,106.024,111.914,4448590,54.615,50,,-0.831,-2.755,1.807,1.6,4,13000000000,35000000000
1730471400,119.118,121.525,117.915,120.322,116.712,114.305,108.289,114.305,108.289,114.305,2430563,40.763,50,,0.438,-1.207,-3.783,1.6,4,13000000000,35000000000
1730730600,118.472,120.865,117.275,119.669,116.079,113.685,107.702,113.685,107.702,113.685,1475636,40.033,50,,0.54,1.812,-4.59,1.6,4,13000000000,35000000000
1730817000,116.488,118.841,115.311,117.664,114.134,111.781,105.898,111.781,105.898,111.781,4040573,69.951,50,,-0.4,-2.51,0.296,1.6,4,13000000000,35000000000
1730903400,115.928,118.27,114.757,117.099,113.586,111.244,105.389,111.244,105.389,111.244,1328488,35.561,50,,-0.201,4.337,1.384,1.6,4,13000000000,35000000000
1730989800,114.788,117.107,113.628,115.947,112.469,110.15,104.353,110.15,104.353,110.15,3850634,43.153,50,,-0.984,3.882,4.59,1.6,4,13000000000,35000000000
1731076200,113.033,115.317,111.891,114.175,110.75,108.466,102.757,108.466,102.757,108.466,4872736,62.143,50,,0.282,3.433,1.062,1.6,4,13000000000,35000000000
1731335400,114.904,117.226,113.744,116.065,112.583,110.262,104.459,110.262,104.459,110.262,2699376,33.643,50,,0.153,2.254,-0.244,1.6,4,13000000000,35000000000
1731421800,114.627,116.943,113.469,115.785,112.311,109.996,104.206,109.996,104.206,109.996,4917049,45.751,50,,0.797,1.327,0.491,1.6,4,13000000000,35000000000
1731508200,112.594,114.869,111.457,113.732,110.32,108.045,102.358,108.045,102.358,108.045,3132921,34.395,50,,-0.519,3.972,-2.255,1.6,4,13000000000,35000000000
1731594600,110.437,112.668,109.321,111.552,108.206,105.975,100.397,105.975,100.397,105.975,3260029,40.837,50,,0.06,-0.268,-0.967,1.6,4,13000000000,35000000000
1731681000,108.709,110.906,107.611,109.807,106.513,104.317,98.827,104.317,98.827,104.317,2566478,32.763,50,,0.955,-1.369,0.555,1.6,4,13000000000,35000000000
1731940200,110.208,112.435,109.095,111.321,107.982,105.755,100.189,105.755,100.189,105.755,3128000,57.384,50,,-0.939,-1.919,1.824,1.6,4,13000000000,35000000000
1732026600,108.725,110.922,107.627,109.823,106.529,104.332,98.841,104.332,98.841,104.332,4831383,53.171,50,,0.353,3.268,-0.159,1.6,4,13000000000,35000000000
1732113000,110.208,112.435,109.095,111.322,107.982,105.755,100.189,105.755,100.189,105.755,4218631,43.419,50,,0.777,-3.402,3.491,1.6,4,13000000000,35000000000
1732199400,109.771,111.989,108.662,110.88,107.553,105.336,99.792,105.336,99.792,105.336,2844309,46.226,50,,0.953,-3.549,-2.047,1.6,4,13000000000,35000000000
1732285800,110.743,112.98,109.624,111.861,108.506,106.268,100.675,106.268,100.675,106.268,3679623,54.147,50,,-0.984,4.523,4.197,1.6,4,13000000000,35000000000
1732545000,111.518,113.771,110.392,112.645,109.265,107.013,101.38,107.013,101.38,107.013,2591764,59.88,50,,0.885,-3.989,-4.696,1.6,4,13000000000,35000000000
1732631400,111.311,113.56,110.187,112.436,109.062,106.814,101.192,106.814,101.192,106.814,3848978,46.891,50,,0.867,-0.916,1.058,1.6,4,13000000000,35000000000
1732717800,109.334,111.543,108.23,110.438,107.125,104.916,99.395,104.916,99.395,104.916,2974526,61.166,50,,0.292,1.974,3.122,1.6,4,13000000000,35000000000
1732804200,110.967,113.209,109.846,112.088,108.725,106.483,100.879,106.483,100.879,106.483,3463697,35.583,50,,0.016,-1.437,-2.291,1.6,4,13000000000,35000000000
1732890600,113.332,115.621,112.187,114.477,111.042,108.753,103.029,108.753,103.029,108.753,4812621,68.744,50,,-0.287,-0.261,1.975,1.6,4,13000000000,35000000000
1733149800,115.48,117.813,114.314,116.647,113.147,110.814,104.982,110.814,104.982,110.814,3607985,39.592,50,,0.125,-1.423,-3.413,1.6,4,13000000000,35000000000
1733236200,116.938,119.301,115.757,118.12,114.576,112.214,106.308,112.214,106.308,112.214,4843415,58.162,50,,-0.155,2.273,-2.465,1.6,4,13000000000,35000000000
1733322600,117.673,120.05,116.484,118.862,115.296,112.919,106.975,112.919,106.975,112.919,4768006,60.883,50,,-0.889,-0.651,-1.237,1.6,4,13000000000,35000000000
1733409000,116.772,119.131,115.593,117.952,114.413,112.054,106.157,112.054,106.157,112.054,4423120,43.649,50,,0.596,-2.619,1.096,1.6,4,13000000000,35000000000
1733495400,115.145,117.471,113.982,116.308,112.819,110.493,104.677,110.493,104.677,110.493,2432342,56.921,50,,0.783,-3.278,1.427,1.6,4,13000000000,35000000000
1733754600,115.199,117.527,114.036,116.363,112.872,110.545,104.727,110.545,104.727,110.545,2430192,60.299,50,,-0.757,0.828,-0.197,1.6,4,13000000000,35000000000
1733841000,113.908,116.209,112.757,115.058,111.606,109.305,103.552,109.305,103.552,109.305,3649132,63.354,50,,-0.651,2.166,-4.003,1.6,4,13000000000,35000000000
1733927400,113.235,115.523,112.091,114.379,110.947,108.66,102.941,108.66,102.941,108.66,2380129,56.265,50,,0.569,-0.387,-0.288,1.6,4,13000000000,35000000000
1734013800,113.313,115.602,112.169,114.458,111.024,108.735,103.012,108.735,103.012,108.735,4242848,56.527,50,,0.874,-0.68,-1.011,1.6,4,13000000000,35000000000
1734100200,111.62,113.875,110.492,112.747,109.365,107.11,101.473,107.11,101.473,107.11,3047985,67.071,50,,0.679,-3.501,-1.239,1.6,4,13000000000,35000000000
1734359400,109.898,112.119,108.788,111.009,107.678,105.458,99.908,105.458,99.908,105.458,1109990,56.096,50,,0.883,-0.412,-1.23,1.6,4,13000000000,35000000000
1734445800,110.018,112.24,108.906,111.129,107.795,105.573,100.016,105.573,100.016,105.573,4418117,41.54,50,,-0.689,4.721,3.26,1.6,4,13000000000,35000000000
1734532200,112.192,114.459,111.059,113.325,109.926,107.659,101.993,107.659,101.993,107.659,1078798,48.577,50,,0.622,2.047,2.929,1.6,4,13000000000,35000000000
1734618600,111.024,113.267,109.903,112.146,108.782,106.539,100.931,106.539,100.931,106.539,3917171,45.632,50,,-0.989,3.039,4.822,1.6,4,13000000000,35000000000
1734705000,113.034,115.318,111.893,114.176,110.751,108.467,102.759,108.467,102.759,108.467,3777755,37.162,50,,0.325,-4.239,0.364,1.6,4,13000000000,35000000000
1734964200,113.422,115.714,112.277,114.568,111.131,108.839,103.111,108.839,103.111,108.839,1675066,37.024,50,,0.171,0.131,-0.726,1.6,4,13000000000,35000000000
1735050600,114.938,117.26,113.777,116.099,112.616,110.294,104.489,110.294,104.489,110.294,4924955,50.626,50,,-0.62,0.04,1.119,1.6,4,13000000000,35000000000
1735137000,117.458,119.831,116.272,118.645,115.085,112.712,106.78,112.712,106.78,112.712,1323887,39.917,50,,0.559,-3.809,1.439,1.6,4,13000000000,35000000000
1735223400,117.018,119.382,115.836,118.2,114.654,112.29,106.38,112.29,106.38,112.29,3348653,33.784,50,,0.63,-4.55,0.185,1.6,4,13000000000,35000000000
1735309800,118.498,120.892,117.301,119.695,116.104,113.71,107.726,113.71,107.726,113.71,1087455,68.21,50,,-0.376,-2.219,-0.844,1.6,4,13000000000,35000000000
1735569000,119.089,121.495,117.886,120.292,116.683,114.278,108.263,114.278,108.263,114.278,3355793,58.301,50,,-0.363,0.347,-0.513,1.6,4,13000000000,35000000000
1735655400,119.216,121.625,118.012,120.421,116.808,114.4,108.378,114.4,108.378,114.4,2751575,52.153,50,,0.398,1.985,3.084,1.6,4,13000000000,35000000000
1735741800,119.312,121.723,118.107,120.518,116.902,114.492,108.466,114.492,108.466,114.492,2167823,44.4,50,,-0.697,0.669,3.448,1.6,4,13000000000,35000000000
1735828200,120.838,123.279,119.617,122.058,118.397,115.955,109.852,115.955,109.852,115.955,3609025,33.347,50,,-0.279,4.284,-2.415,1.6,4,13000000000,35000000000
1735914600,119.701,122.12,118.492,120.91,117.283,114.865,108.819,114.865,108.819,114.865,2611713,41.165,50,,-0.064,-3.51,-3.697,1.6,4,13000000000,35000000000
1736173800,118.578,120.973,117.38,119.776,116.182,113.787,107.798,113.787,107.798,113.787,1824196,32.818,50,,0.159,1.184,0.43,1.6,4,13000000000,35000000000
1736260200,119.773,122.192,118.563,120.983,117.353,114.933,108.884,114.933,108.884,114.933,2005913,53.104,50,,0.108,-1.087,-3.042,1.6,4,13000000000,35000000000
1736346600,120.523,122.958,119.306,121.741,118.088,115.654,109.567,115.654,109.567,115.654,1323588,36.123,50,,0.335,-4.697,-0.946,1.6,4,13000000000,35000000000
1736433000,120.225,122.654,119.011,121.439,117.796,115.367,109.295,115.367,109.295,115.367,1576526,53.64,50,,-0.742,0.385,-4.258,1.6,4,13000000000,35000000000
1736519400,119.038,121.443,117.836,120.241,116.634,114.229,108.217,114.229,108.217,114.229,2600835,35.577,50,,-0.595,2.189,-1.028,1.8,5,14000000000,70000000000
1736778600,120.403,122.835,119.187,121.619,117.97,115.538,109.457,115.538,109.457,115.538,1747858,39.004,50,,0.419,-1.523,0.354,1.8,5,14000000000,70000000000
1736865000,118.443,120.835,117.246,119.639,116.05,113.657,107.675,113.657,107.675,113.657,4470170,41.957,50,,0.411,-4.781,3.005,1.8,5,14000000000,70000000000
1736951400,119.168,121.576,117.965,120.372,116.761,114.353,108.335,114.353,108.335,114.353,1432177,54.607,50,,0.509,-2.451,-4.418,1.8,5,14000000000,70000000000
1737037800,120.932,123.375,119.71,122.153,118.489,116.046,109.938,116.046,109.938,116.046,2323743,36.396,50,,-0.735,4.233,3.219,1.8,5,14000000000,70000000000
1737124200,119.085,121.491,117.882,120.288,116.679,114.273,108.259,114.273,108.259,114.273,2825749,55.337,50,,-0.508,-2.921,0.077,1.8,5,14000000000,70000000000
1737383400,117.311,119.681,116.126,118.496,114.941,112.571,106.646,112.571,106.646,112.571,4800123,69.428,50,,-0.576,4.472,1.609,1.8,5,14000000000,70000000000
1737469800,117.514,119.888,116.327,118.701,115.14,112.766,106.831,112.766,106.831,112.766,4413714,58.65,50,,-0.491,-4.964,-3.791,1.8,5,14000000000,70000000000
1737556200,116.159,118.505,114.986,117.332,113.812,111.466,105.599,111.466,105.599,111.466,4201702,52.509,50,,0.326,0.45,-2.693,1.8,5,14000000000,70000000000
1737642600,114.02,116.323,112.868,115.171,111.716,109.413,103.654,109.413,103.654,109.413,1703697,56.863,50,,0.843,0.029,3.553,1.8,5,14000000000,70000000000
1737729000,116.374,118.725,115.198,117.549,114.023,111.672,105.794,111.672,105.794,111.672,4224981,56.465,50,,-0.203,-0.06,1.693,1.8,5,14000000000,70000000000
1737988200,118.121,120.508,116.928,119.315,115.735,113.349,107.383,113.349,107.383,113.349,1782876,52.381,50,,-0.092,-4.552,-2.857,1.8,5,14000000000,70000000000
1738074600,119.842,122.263,118.631,121.052,117.42,114.999,108.947,114.999,108.947,114.999,3259302,62.894,50,,-0.328,-2.565,-4.229,1.8,5,14000000000,70000000000
1738161000,121.2,123.649,119.976,122.424,118.752,116.303,110.182,116.303,110.182,116.303,4550073,46.907,50,,-0.116,4.569,0.953,1.8,5,14000000000,70000000000
1738247400,119.743,122.162,118.534,120.953,117.324,114.905,108.857,114.905,108.857,114.905,3138035,45.392,50,,-0.279,-2.673,1.586,1.8,5,14000000000,70000000000
1738333800,120.296,122.726,119.081,121.511,117.866,115.435,109.36,115.435,109.36,115.435,4175692,61.075,50,,-0.871,4.059,-0.415,1.8,5,14000000000,70000000000
1738593000,122.104,124.571,120.87,123.337,119.637,117.17,111.003,117.17,111.003,117.17,1741468,65.651,50,,0.708,4.385,-0.308,1.8,5,14000000000,70000000000
1738679400,122.653,125.131,121.414,123.892,120.175,117.698,111.503,117.698,111.503,117.698,1272107,69.623,50,,0.671,-1.037,4.931,1.8,5,14000000000,70000000000
1738765800,124.304,126.815,123.049,125.56,121.793,119.282,113.004,119.282,113.004,119.282,4531880,52.898,50,,-0.397,-2.321,-1.478,1.8,5,14000000000,70000000000
1738852200,126.835,129.398,125.554,128.117,124.273,121.711,115.305,121.711,115.305,121.711,1205873,52.088,50,,0.82,-0.228,-0.732,1.8,5,14000000000,70000000000
1738938600,127.435,130.009,126.147,128.722,124.86,122.286,115.85,122.286,115.85,122.286,2330896,61.809,50,,0.192,0.557,4.969,1.8,5,14000000000,70000000000
1739197800,125.238,127.769,123.973,126.504,122.708,120.178,113.853,120.178,113.853,120.178,3546578,61.485,50,,0.551,-0.849,4.988,1.8,5,14000000000,70000000000
1739284200,126.894,129.457,125.612,128.175,124.33,121.767,115.358,121.767,115.358,121.767,3414446,53.269,50,,-0.926,0.295,-3.991,1.8,5,14000000000,70000000000
1739370600,126.126,128.674,124.852,127.4,123.578,121.03,114.66,121.03,114.66,121.03,4912797,44.734,50,,0.102,1.375,0.827,1.8,5,14000000000,70000000000
1739457000,126.172,128.721,124.897,127.446,123.623,121.074,114.702,121.074,114.702,121.074,3660678,33.35,50,,0.079,-1.655,4.191,1.8,5,14000000000,70000000000
1739543400,126.532,129.088,125.253,127.81,123.975,121.419,115.029,121.419,115.029,121.419,4869640,36.428,50,,-0.35,-2.861,3.96,1.8,5,14000000000,70000000000
1739802600,124.789,127.31,123.528,126.049,122.268,119.747,113.444,119.747,113.444,119.747,1452509,46.159,50,,0.734,-0.791,-1.4,1.8,5,14000000000,70000000000
1739889000,124.082,126.589,122.829,125.336,121.576,119.069,112.802,119.069,112.802,119.069,2089570,54.354,50,,-0.925,-4.365,1.307,1.8,5,14000000000,70000000000
1739975400,125.873,128.416,124.602,127.145,123.33,120.788,114.43,120.788,114.43,120.788,2113639,60.184,50,,-0.206,-2.161,2.858,1.8,5,14000000000,70000000000
1740061800,123.797,126.298,122.547,125.048,121.296,118.795,112.543,118.795,112.543,118.795,3972096,36.816,50,,0.872,-2.327,-4.167,1.8,5,14000000000,70000000000
1740148200,122.79,125.27,121.549,124.03,120.309,117.829,111.627,117.829,111.627,117.829,4045677,55.644,50,,-0.53,-4.012,2.217,1.8,5,14000000000,70000000000
1740407400,120.577,123.013,119.359,121.795,118.141,115.705,109.615,115.705,109.615,115.705,3148105,42.053,50,,0.747,4.759,3.22,1.8,5,14000000000,70000000000
1740493800,118.546,120.941,117.348,119.743,116.151,113.756,107.769,113.756,107.769,113.756,2323129,43.587,50,,-0.408,0.162,-4.647,1.8,5,14000000000,70000000000
1740580200,120.228,122.657,119.014,121.443,117.8,115.371,109.299,115.371,109.299,115.371,4351484,59.899,50,,-0.943,-1.845,2.498,1.8,5,14000000000,70000000000
1740666600,122.302,124.773,121.067,123.538,119.831,117.361,111.184,117.361,111.184,117.361,1170399,58.275,50,,0.404,1.294,0.259,1.8,5,14000000000,70000000000
1740753000,120.803,123.244,119.583,122.023,118.363,115.922,109.821,115.922,109.821,115.922,4788231,37.897,50,,-0.77,-3.7,0.867,1.8,5,14000000000,70000000000
1741012200,119.008,121.413,117.806,120.211,116.604,114.2,108.189,114.2,108.189,114.2,2118188,48.333,50,,0.563,-1.387,-0.439,1.8,5,14000000000,70000000000
1741098600,121.262,123.712,120.037,122.487,118.812,116.363,110.238,116.363,110.238,116.363,3577382,58.929,50,,-0.56,4.325,-4.906,1.8,5,14000000000,70000000000
1741185000,123.836,126.338,122.585,125.087,121.335,118.833,112.579,118.833,112.579,118.833,1135326,36.576,50,,0.797,-4.601,-2.699,1.8,5,14000000000,70000000000
1741271400,125.975,128.52,124.702,127.247,123.43,120.885,114.523,120.885,114.523,120.885,3199088,62.683,50,,-0.93,0.282,-2.906,1.8,5,14000000000,70000000000
1741357800,124.983,127.508,123.721,126.246,122.458,119.933,113.621,119.933,113.621,119.933,3057240,50.236,50,,-0.35,4.444,-4.265,1.8,5,14000000000,70000000000
1741617000,125.603,128.141,124.335,126.872,123.066,120.528,114.185,120.528,114.185,120.528,1786542,57.376,50,,-0.406,4.33,-0.738,1.8,5,14000000000,70000000000
1741703400,125.592,128.129,124.323,126.861,123.055,120.518,114.174,120.518,114.174,120.518,1097183,49.494,50,,0.86,1.592,0.78,1.8,5,14000000000,70000000000
1741789800,126.349,128.902,125.073,127.626,123.797,121.244,114.863,121.244,114.863,121.244,4548054,47.299,50,,0.415,-1.564,-4.259,1.8,5,14000000000,70000000000
1741876200,126.052,128.599,124.779,127.325,123.506,120.959,114.593,120.959,114.593,120.959,3942825,50.569,50,,-0.011,3.42,1.079,1.8,5,14000000000,70000000000
1741962600,127.027,129.594,125.744,128.311,124.461,121.895,115.48,121.895,115.48,121.895,4941965,50.044,50,,-0.045,1.805,0.757,1.8,5,14000000000,70000000000
1742221800,129.06,131.667,127.756,130.364,126.453,123.845,117.327,123.845,117.327,123.845,2887747,54.149,50,,-0.669,-2.317,3.194,1.8,5,14000000000,70000000000
1742308200,128.113,130.701,126.819,129.407,125.525,122.937,116.467,122.937,116.467,122.937,4208405,62.228,50,,0.215,-2.408,-1.898,1.8,5,14000000000,70000000000
1742394600,128.804,131.406,127.503,130.105,126.202,123.6,117.095,123.6,117.095,123.6,1192300,61.277,50,,-0.085,-1.445,0.08,1.8,5,14000000000,70000000000
1742481000,127.36,129.932,126.073,128.646,124.787,122.214,115.781,122.214,115.781,122.214,2996485,67.02,50,,0.393,1.258,-1.161,1.8,5,14000000000,70000000000
1742567400,127.152,129.721,125.867,128.436,124.583,122.014,115.593,122.014,115.593,122.014,3692520,34.449,50,,0.743,4.155,-2.442,1.8,5,14000000000,70000000000
1742826600,127.499,130.074,126.211,128.786,124.923,122.347,115.908,122.347,115.908,122.347,1226617,42.258,50,,-0.97,-1.618,0.892,1.8,5,14000000000,70000000000
1742913000,129.163,131.772,127.858,130.467,126.553,123.944,117.421,123.944,117.421,123.944,4650580,31.99,50,,0.433,-1.714,1.715,1.8,5,14000000000,70000000000
1742999400,131.033,133.68,129.71,132.357,128.386,125.739,119.121,125.739,119.121,125.739,1277957,35.135,50,,0.382,4.595,1.074,1.8,5,14000000000,70000000000
1743085800,129.692,132.312,128.382,131.002,127.072,124.452,117.902,124.452,117.902,124.452,3701346,58.022,50,,-0.634,2.662,0.042,1.8,5,14000000000,70000000000
1743172200,130.225,132.856,128.91,131.541,127.595,124.964,118.387,124.964,118.387,124.964,2534222,42.101,50,,-0.244,4.271,4.73,1.8,5,14000000000,70000000000
1743431400,132.055,134.723,130.721,133.389,129.387,126.719,120.05,126.719,120.05,126.719,4598394,32.968,50,,-0.602,4.375,1.079,1.8,5,14000000000,70000000000
1743517800,132.839,135.522,131.497,134.181,130.155,127.472,120.763,127.472,120.763,127.472,3641362,38.982,50,,0.426,-1.206,1.219,1.8,5,14000000000,70000000000
1743604200,134.2,136.911,132.844,135.555,131.488,128.777,122.0,128.777,122.0,128.777,2255164,59.753,50,,0.758,-4.985,2.045,1.8,5,14000000000,70000000000
1743690600,133.247,135.939,131.901,134.593,130.556,127.864,121.134,127.864,121.134,127.864,3088388,36.835,50,,-0.707,4.921,-0.63,1.8,5,14000000000,70000000000
1743777000,132.496,135.173,131.158,133.834,129.819,127.142,120.451,127.142,120.451,127.142,4360447,50.528,50,,-0.365,1.038,0.836,2.0,5,15000000000,70000000000
1744036200,131.472,134.128,130.144,132.8,128.816,126.16,119.52,126.16,119.52,126.16,3298695,56.507,50,,-0.141,3.42,2.523,2.0,5,15000000000,70000000000
1744122600,132.37,135.044,131.033,133.707,129.696,127.022,120.336,127.022,120.336,127.022,1482202,50.046,50,,0.74,2.479,2.494,2.0,5,15000000000,70000000000
1744209000,135.224,137.956,133.858,136.59,132.493,129.761,122.931,129.761,122.931,129.761,2110139,47.471,50,,0.569,-4.458,0.969,2.0,5,15000000000,70000000000
1744295400,135.44,138.176,134.072,136.808,132.704,129.968,123.127,129.968,123.127,129.968,1683939,35.189,50,,0.845,4.785,-4.317,2.0,5,15000000000,70000000000
1744381800,132.749,135.431,131.408,134.09,130.068,127.386,120.681,127.386,120.681,127.386,1259196,46.918,50,,0.432,-4.79,-4.45,2.0,5,15000000000,70000000000
1744641000,130.289,132.921,128.973,131.605,127.657,125.025,118.444,125.025,118.444,125.025,2422413,43.308,50,,-0.963,-4.912,-2.886,2.0,5,15000000000,70000000000
1744727400,128.778,131.38,127.477,130.079,126.177,123.575,117.071,123.575,117.071,123.575,2238842,53.268,50,,0.043,3.888,-3.173,2.0,5,15000000000,70000000000
1744813800,128.32,130.912,127.024,129.616,125.727,123.135,116.654,123.135,116.654,123.135,1250699,39.544,50,,0.111,-0.474,-1.686,2.0,5,15000000000,70000000000
1744900200,127.946,130.53,126.653,129.238,125.361,122.776,116.314,122.776,116.314,122.776,1067072,52.502,50,,0.011,-4.063,-3.151,2.0,5,15000000000,70000000000
1744986600,126.595,129.153,125.316,127.874,124.038,121.48,115.087,121.48,115.087,121.48,2275846,66.228,50,,-0.804,2.949,3.781,2.0,5,15000000000,70000000000
1745245800,124.841,127.363,123.58,126.102,122.319,119.797,113.492,119.797,113.492,119.797,4493747,47.727,50,,-0.538,2.476,4.618,2.0,5,15000000000,70000000000
1745332200,122.65,125.128,121.411,123.889,120.172,117.694,111.5,117.694,111.5,117.694,1374410,47.701,50,,0.587,1.648,-3.808,2.0,5,15000000000,70000000000
1745418600,121.24,123.689,120.015,122.464,118.79,116.341,110.218,116.341,110.218,116.341,4129634,59.135,50,,-0.825,2.863,2.424,2.0,5,15000000000,70000000000
1745505000,123.593,126.09,122.345,124.842,121.096,118.599,112.357,118.599,112.357,118.599,3994936,40.085,50,,-0.154,-2.514,-4.677,2.0,5,15000000000,70000000000
1745591400,122.428,124.901,121.191,123.665,119.955,117.482,111.298,117.482,111.298,117.482,1817045,43.031,50,,-0.286,2.644,4.224,2.0,5,15000000000,70000000000
1745850600,124.439,126.953,123.182,125.696,121.925,119.411,113.126,119.411,113.126,119.411,2604108,64.581,50,,-0.227,-0.739,-2.555,2.0,5,15000000000,70000000000
1745937000,126.289,128.84,125.014,127.565,123.738,121.187,114.808,121.187,114.808,121.187,4679917,43.748,50,,-0.643,1.491,-2.603,2.0,5,15000000000,70000000000
1746023400,127.863,130.446,126.572,129.155,125.28,122.697,116.239,122.697,116.239,122.697,2831201,65.419,50,,0.065,4.208,4.308,2.0,5,15000000000,70000000000
1746109800,129.359,131.972,128.052,130.666,126.746,124.132,117.599,124.132,117.599,124.132,2554176,46.37,50,,-0.271,-1.841,4.581,2.0,5,15000000000,70000000000
1746196200,129.549,132.167,128.241,130.858,126.932,124.315,117.772,124.315,117.772,124.315,2553103,35.094,50,,-0.664,0.668,3.716,2.0,5,15000000000,70000000000
1746455400,130.829,133.472,129.508,132.151,128.186,125.543,118.936,125.543,118.936,125.543,1627028,36.677,50,,0.29,-3.478,-3.389,2.0,5,15000000000,70000000000
1746541800,132.678,135.358,131.338,134.018,129.998,127.317,120.616,127.317,120.616,127.317,2064862,39.417,50,,0.29,-3.285,3.559,2.0,5,15000000000,70000000000
1746628200,131.75,134.412,130.42,133.081,129.089,126.427,119.773,126.427,119.773,126.427,2796667,36.161,50,,-0.293,-0.503,-3.926,2.0,5,15000000000,70000000000
1746714600,129.978,132.603,128.665,131.291,127.352,124.726,118.161,124.726,118.161,124.726,2324740,32.768,50,,-0.626,0.346,4.851,2.0,5,15000000000,70000000000
1746801000,131.342,133.996,130.015,132.669,128.689,126.035,119.402,126.035,119.402,126.035,1803895,55.979,50,,0.471,-1.339,4.344,2.0,5,15000000000,70000000000
1747060200,130.675,133.315,129.355,131.995,128.035,125.395,118.796,125.395,118.796,125.395,4570668,61.271,50,,0.254,1.658,-1.579,2.0,5,15000000000,70000000000
1747146600,128.723,131.323,127.422,130.023,126.122,123.522,117.021,123.522,117.021,123.522,4978552,45.018,50,,0.954,3.853,2.116,2.0,5,15000000000,70000000000
1747233000,130.464,133.1,129.147,131.782,127.829,125.193,118.604,125.193,118.604,125.193,1261636,39.879,50,,0.696,-1.729,-0.97,2.0,5,15000000000,70000000000
1747319400,129.826,132.449,128.515,131.138,127.204,124.581,118.024,124.581,118.024,124.581,1207422,39.27,50,,-0.419,0.685,-3.047,2.0,5,15000000000,70000000000
1747405800,132.551,135.228,131.212,133.89,129.873,127.195,120.501,127.195,120.501,127.195,1934320,44.755,50,,0.781,-3.591,-2.719,2.0,5,15000000000,70000000000
1747665000,131.633,134.293,130.304,132.963,128.974,126.315,119.667,126.315,119.667,126.315,3142007,50.371,50,,0.779,1.003,3.634,2.0,5,15000000000,70000000000
1747751400,133.364,136.059,132.017,134.711,130.67,127.976,121.24,127.976,121.24,127.976,4618493,64.859,50,,0.162,-0.25,0.125,2.0,5,15000000000,70000000000
1747837800,132.689,135.37,131.349,134.029,130.008,127.328,120.626,127.328,120.626,127.328,2816558,62.179,50,,-0.446,-2.711,-3.577,2.0,5,15000000000,70000000000
1747924200,134.34,137.054,132.983,135.697,131.626,128.912,122.128,128.912,122.128,128.912,1088917,36.544,50,,-0.274,-4.507,-1.397,2.0,5,15000000000,70000000000
1748010600,135.094,137.823,133.729,136.458,132.364,129.635,122.812,129.635,122.812,129.635,3843630,57.844,50,,-0.577,-0.587,1.56,2.0,5,15000000000,70000000000
1748269800,135.805,138.549,134.434,137.177,133.062,130.318,123.459,130.318,123.459,130.318,1692071,53.005,50,,0.676,1.706,4.853,2.0,5,15000000000,70000000000
1748356200,133.192,135.882,131.846,134.537,130.501,127.81,121.083,127.81,121.083,127.81,2325778,65.586,50,,0.104,4.013,3.533,2.0,5,15000000000,70000000000
1748442600,133.325,136.018,131.978,134.671,130.631,127.938,121.204,127.938,121.204,127.938,2465923,35.421,50,,-0.863,-1.812,2.415,2.0,5,15000000000,70000000000
1748529000,133.834,136.538,132.482,135.186,131.13,128.427,121.667,128.427,121.667,128.427,2306786,54.204,50,,0.781,0.729,-0.191,2.0,5,15000000000,70000000000
1748615400,133.493,136.19,132.145,134.842,130.796,128.099,121.357,128.099,121.357,128.099,1299853,40.483,50,,0.982,1.458,-1.77,2.0,5,15000000000,70000000000
1748874600,136.373,139.128,134.995,137.75,133.618,130.863,123.975,130.863,123.975,130.863,4810390,43.099,50,,-0.374,3.342,-2.476,2.0,5,15000000000,70000000000
1748961000,135.399,138.134,134.031,136.767,132.664,129.928,123.09,129.928,123.09,129.928,3045076,46.638,50,,-0.976,-3.376,-2.092,2.0,5,15000000000,70000000000
1749047400,133.35,136.043,132.003,134.696,130.656,127.962,121.227,127.962,121.227,127.962,2806154,67.089,50,,-0.565,-1.435,1.541,2.0,5,15000000000,70000000000
1749133800,133.85,136.554,132.498,135.202,131.146,128.442,121.682,128.442,121.682,128.442,3416051,41.252,50,,-0.488,-3.276,-3.572,2.0,5,15000000000,70000000000
1749220200,131.705,134.365,130.374,133.035,129.044,126.383,119.732,126.383,119.732,126.383,2496781,50.893,50,,0.134,3.74,-1.042,2.0,5,15000000000,70000000000
1749479400,131.556,134.213,130.227,132.885,128.898,126.24,119.596,126.24,119.596,126.24,4492405,49.246,50,,0.396,-4.622,1.397,2.0,5,15000000000,70000000000
1749565800,129.361,131.974,128.054,130.668,126.748,124.134,117.601,124.134,117.601,124.134,1295787,31.541,50,,0.014,0.7,1.996,2.0,5,15000000000,70000000000
1749652200,131.756,134.418,130.425,133.087,129.094,126.433,119.778,126.433,119.778,126.433,4334871,36.818,50,,0.416,-1.023,-1.14,2.0,5,15000000000,70000000000
1749738600,133.13,135.82,131.785,134.475,130.441,127.751,121.027,127.751,121.027,127.751,4484283,59.684,50,,-0.669,0.887,-4.484,2.0,5,15000000000,70000000000
1749825000,134.526,137.244,133.167,135.885,131.809,129.091,122.297,129.091,122.297,129.091,4446075,44.116,50,,-0.525,1.449,0.467,2.0,5,15000000000,70000000000
1750084200,136.646,139.406,135.266,138.026,133.885,131.125,124.224,131.125,124.224,131.125,2853302,60.32,50,,-0.286,-3.386,-0.578,2.0,5,15000000000,70000000000
1750170600,138.693,141.495,137.292,140.094,135.891,133.09,126.085,133.09,126.085,133.09,2527019,52.694,50,,0.94,-3.266,-0.096,2.0,5,15000000000,70000000000
1750257000,135.968,138.715,134.595,137.342,133.221,130.475,123.607,130.475,123.607,130.475,1981326,65.377,50,,0.219,-0.559,-3.365,2.0,5,15000000000,70000000000
1750343400,134.439,137.155,133.081,135.797,131.723,129.007,122.217,129.007,122.217,129.007,2679066,69.744,50,,-0.753,-2.379,4.914,2.0,5,15000000000,70000000000
1750429800,133.613,136.312,132.263,134.963,130.914,128.215,121.466,128.215,121.466,128.215,1756982,62.218,50,,0.483,0.303,-2.657,2.0,5,15000000000,70000000000
1750689000,134.906,137.631,133.543,136.269,132.181,129.455,122.642,129.455,122.642,129.455,2963228,48.319,50,,0.104,-3.302,1.156,2.0,5,15000000000,70000000000
1750775400,137.62,140.4,136.23,139.01,134.84,132.06,125.109,132.06,125.109,132.06,3483194,63.706,50,,-0.587,1.735,1.822,2.0,5,15000000000,70000000000
1750861800,139.569,142.389,138.159,140.979,136.75,133.93,126.881,133.93,126.881,133.93,2428018,34.762,50,,-0.24,1.547,2.346,2.0,5,15000000000,70000000000
1750948200,140.401,143.238,138.983,141.819,137.565,134.728,127.637,134.728,127.637,134.728,2843659,47.976,50,,0.066,-1.362,-2.936,2.0,5,15000000000,70000000000
1751034600,138.095,140.885,136.701,139.49,135.306,132.516,125.541,132.516,125.541,132.516,1450119,33.892,50,,-0.225,-0.566,-3.18,2.2,5,16000000000,70000000000
1751293800,137.937,140.724,136.544,139.331,135.151,132.364,125.398,132.364,125.398,132.364,4577298,53.743,50,,0.174,4.469,0.904,2.2,5,16000000000,70000000000
1751380200,138.008,140.796,136.614,139.402,135.22,132.431,125.461,132.431,125.461,132.431,2219410,66.506,50,,0.552,-3.265,0.979,2.2,5,16000000000,70000000000
1751466600,136.293,139.046,134.916,137.67,133.54,130.786,123.903,130.786,123.903,130.786,4253607,31.102,50,,-0.879,1.717,4.754,2.2,5,16000000000,70000000000
1751553000,136.716,139.478,135.335,138.097,133.954,131.192,124.287,131.192,124.287,131.192,2869229,63.991,50,,-0.117,3.889,-3.984,2.2,5,16000000000,70000000000
1751639400,134.291,137.004,132.934,135.647,131.578,128.865,122.082,128.865,122.082,128.865,2964143,41.128,50,,-0.181,-1.687,-4.04,2.2,5,16000000000,70000000000
1751898600,133.868,136.572,132.516,135.22,131.164,128.459,121.698,128.459,121.698,128.459,4631374,47.088,50,,0.776,2.41,-0.222,2.2,5,16000000000,70000000000
1751985000,132.028,134.695,130.694,133.362,129.361,126.694,120.026,126.694,120.026,126.694,1612179,43.998,50,,-0.726,-3.065,2.871,2.2,5,16000000000,70000000000
1752071400,134.841,137.565,133.479,136.203,132.117,129.393,122.583,129.393,122.583,129.393,4720434,48.16,50,,0.754,-3.966,-3.97,2.2,5,16000000000,70000000000
1752157800,132.442,135.118,131.104,133.78,129.767,127.091,120.402,127.091,120.402,127.091,1636290,69.574,50,,0.12,4.376,-1.02,2.2,5,16000000000,70000000000
1752244200,131.949,134.615,130.616,133.282,129.283,126.618,119.954,126.618,119.954,126.618,4006218,47.815,50,,0.482,-1.969,0.812,2.2,5,16000000000,70000000000
1752503400,131.046,133.693,129.722,132.369,128.398,125.751,119.132,125.751,119.132,125.751,4158288,41.585,50,,-0.799,-3.203,-3.467,2.2,5,16000000000,70000000000
1752589800,129.005,131.611,127.702,130.308,126.399,123.793,117.277,123.793,117.277,123.793,1517515,51.446,50,,-0.367,3.241,4.515,2.2,5,16000000000,70000000000
1752676200,129.454,132.069,128.146,130.761,126.839,124.223,117.685,124.223,117.685,124.223,3665463,43.641,50,,0.163,0.624,2.991,2.2,5,16000000000,70000000000
1752762600,128.623,131.221,127.323,129.922,126.024,123.426,116.93,123.426,116.93,123.426,3898320,45.766,50,,0.073,-2.819,-2.59,2.2,5,16000000000,70000000000
1752849000,127.131,129.7,125.847,128.416,124.563,121.995,115.574,121.995,115.574,121.995,3493463,67.339,50,,-0.897,-1.791,1.197,2.2,5,16000000000,70000000000
1753108200,124.917,127.441,123.656,126.179,122.394,119.87,113.561,119.87,113.561,119.87,2760559,67.705,50,,-0.311,-1.384,0.953,2.2,5,16000000000,70000000000
1753194600,125.885,128.428,124.614,127.157,123.342,120.799,114.441,120.799,114.441,120.799,2714793,38.364,50,,0.805,4.931,4.071,2.2,5,16000000000,70000000000
1753281000,125.025,127.551,123.762,126.288,122.499,119.974,113.659,119.974,113.659,119.974,3930175,45.383,50,,0.547,-4.916,1.513,2.2,5,16000000000,70000000000
1753367400,127.61,130.188,126.321,128.899,125.032,122.454,116.009,122.454,116.009,122.454,2468674,54.169,50,,0.56,3.398,-2.778,2.2,5,16000000000,70000000000
1753453800,125.411,127.944,124.144,126.677,122.877,120.344,114.01,120.344,114.01,120.344,3564223,42.81,50,,-0.592,3.713,-4.043,2.2,5,16000000000,70000000000
1753713000,122.923,125.407,121.682,124.165,120.44,117.957,111.748,117.957,111.748,117.957,2472407,33.73,50,,-0.184,-3.468,0.336,2.2,5,16000000000,70000000000
1753799400,124.248,126.758,122.993,125.503,121.738,119.228,112.953,119.228,112.953,119.228,1752452,60.139,50,,-0.711,-0.63,0.422,2.2,5,16000000000,70000000000
1753885800,125.091,127.618,123.827,126.355,122.564,120.037,113.719,120.037,113.719,120.037,3939546,50.917,50,,-0.446,4.378,-3.061,2.2,5,16000000000,70000000000
1753972200,123.455,125.949,122.208,124.702,120.961,118.467,112.232,118.467,112.232,118.467,3255876,36.421,50,,0.936,-3.802,0.85,2.2,5,16000000000,70000000000
1754058600,121.659,124.117,120.43,122.888,119.201,116.744,110.599,116.744,110.599,116.744,1561194,63.987,50,,0.213,2.326,1.81,2.2,5,16000000000,70000000000
1754317800,122.264,124.734,121.029,123.499,119.795,117.325,111.15,117.325,111.15,117.325,1086949,44.345,50,,-0.652,-2.65,-0.03,2.2,5,16000000000,70000000000
1754404200,122.329,124.8,121.093,123.564,119.858,117.386,111.208,117.386,111.208,117.386,4869716,56.055,50,,-0.733,-0.311,4.958,2.2,5,16000000000,70000000000
1754490600,120.956,123.4,119.734,122.178,118.513,116.069,109.96,116.069,109.96,116.069,3972999,35.515,50,,0.787,-1.515,-4.351,2.2,5,16000000000,70000000000
1754577000,120.951,123.395,119.729,122.173,118.508,116.064,109.956,116.064,109.956,116.064,3218942,48.471,50,,-0.606,-2.591,1.892,2.2,5,16000000000,70000000000
1754663400,122.581,125.058,121.343,123.82,120.105,117.629,111.438,117.629,111.438,117.629,4030252,57.888,50,,-0.916,3.197,-3.106,2.2,5,16000000000,70000000000
1754922600,124.235,126.744,122.98,125.49,121.725,119.215,112.941,119.215,112.941,119.215,4411726,62.13,50,,0.714,3.67,-1.681,2.2,5,16000000000,70000000000
1755009000,124.074,126.58,122.821,125.327,121.567,119.061,112.794,119.061,112.794,119.061,4902490,69.762,50,,0.045,1.52,1.671,2.2,5,16000000000,70000000000
1755095400,122.336,124.808,121.1,123.572,119.865,117.393,111.215,117.393,111.215,117.393,2558022,55.922,50,,0.865,-1.163,-0.638,2.2,5,16000000000,70000000000
1755181800,124.852,127.374,123.591,126.113,122.329,119.807,113.502,119.807,113.502,119.807,4870792,38.238,50,,-0.869,-2.62,-4.792,2.2,5,16000000000,70000000000
1755268200,125.865,128.408,124.594,127.137,123.322,120.78,114.423,120.78,114.423,120.78,2915794,61.38,50,,-0.118,-4.046,-3.277,2.2,5,16000000000,70000000000
1755527400,127.685,130.265,126.396,128.975,125.106,122.526,116.078,122.526,116.078,122.526,3211553,30.303,50,,-0.14,2.857,-0.846,2.2,5,16000000000,70000000000
1755613800,129.742,132.363,128.432,131.053,127.121,124.5,117.948,124.5,117.948,124.5,3915895,60.865,50,,-0.251,-0.853,-1.582,2.2,5,16000000000,70000000000
1755700200,131.221,133.872,129.895,132.546,128.57,125.919,119.292,125.919,119.292,125.919,3123640,48.179,50,,0.377,0.232,0.847,2.2,5,16000000000,70000000000
1755786600,130.522,133.159,129.203,131.84,127.885,125.248,118.656,125.248,118.656,125.248,4528214,64.475,50,,0.271,-3.755,4.508,2.2,5,16000000000,70000000000
1755873000,132.325,134.999,130.989,133.662,129.652,126.979,120.296,126.979,120.296,126.979,2532698,35.197,50,,-0.424,-0.276,-4.732,2.2,5,16000000000,70000000000
1756132200,130.052,132.679,128.738,131.366,127.425,124.797,118.229,124.797,118.229,124.797,4340387,69.184,50,,0.179,-4.081,0.441,2.2,5,16000000000,70000000000
1756218600,130.189,132.819,128.874,131.504,127.559,124.929,118.354,124.929,118.354,124.929,1539860,51.547,50,,0.348,4.443,1.432,2.2,5,16000000000,70000000000
1756305000,130.565,133.202,129.246,131.884,127.927,125.289,118.695,125.289,118.695,125.289,2720176,39.672,50,,0.996,-1.201,3.325,2.2,5,16000000000,70000000000
1756391400,129.693,132.313,128.383,131.003,127.073,124.453,117.903,124.453,117.903,124.453,1489847,32.69,50,,0.184,3.66,-1.307,2.2,5,16000000000,70000000000
1756477800,127.623,130.201,126.334,128.912,125.045,122.467,116.021,122.467,116.021,122.467,1443389,65.321,50,,-0.608,1.896,0.909,2.2,5,16000000000,70000000000
1756737000,125.09,127.617,123.826,126.353,122.563,120.036,113.718,120.036,113.718,120.036,2811261,66.448,50,,-0.531,-1.926,1.114,2.2,5,16000000000,70000000000
1756823400,125.601,128.138,124.332,126.87,123.064,120.526,114.183,120.526,114.183,120.526,3350832,41.929,50,,0.256,1.702,-4.71,2.2,5,16000000000,70000000000
1756909800,127.884,130.467,126.592,129.176,125.3,122.717,116.258,122.717,116.258,122.717,3006272,47.515,50,,-0.463,4.958,-1.784,2.2,5,16000000000,70000000000
1756996200,130.542,133.179,129.223,131.86,127.904,125.267,118.674,125.267,118.674,125.267,3003660,47.665,50,,-0.891,0.137,2.452,2.2,5,16000000000,70000000000
1757082600,130.332,132.965,129.016,131.649,127.699,125.066,118.484,125.066,118.484,125.066,2240271,53.407,50,,-0.635,0.1,1.587,2.2,5,16000000000,70000000000
1757341800,131.884,134.549,130.552,133.217,129.22,126.556,119.895,126.556,119.895,126.556,3795702,57.703,50,,0.977,0.6,-1.016,2.2,5,16000000000,70000000000
1757428200,133.412,136.107,132.065,134.76,130.717,128.022,121.284,128.022,121.284,128.022,1925616,42.254,50,,-0.874,-3.522,4.727,2.2,5,16000000000,70000000000
1757514600,135.746,138.488,134.375,137.117,133.004,130.261,123.406,130.261,123.406,130.261,4468831,44.384,50,,0.691,-1.907,4.842,2.2,5,16000000000,70000000000
1757601000,138.044,140.833,136.65,139.439,135.255,132.467,125.495,132.467,125.495,132.467,1581072,34.273,50,,0.996,4.988,3.509,2.2,5,16000000000,70000000000
1757687400,137.868,140.653,136.475,139.26,135.082,132.297,125.334,132.297,125.334,132.297,4060335,52.789,50,,-0.349,-1.287,2.11,2.2,5,16000000000,70000000000
1757946600,135.195,137.926,133.829,136.561,132.464,129.733,122.905,129.733,122.905,129.733,1845162,60.785,50,,0.245,-4.352,-0.38,2.2,5,16000000000,70000000000
1758033000,132.559,135.237,131.22,133.898,129.881,127.203,120.508,127.203,120.508,127.203,2115265,58.995,50,,0.004,-4.783,-0.986,2.2,5,16000000000,70000000000
1758119400,130.453,133.088,129.135,131.771,127.818,125.182,118.594,125.182,118.594,125.182,2351585,54.218,50,,0.275,1.883,4.279,2.2,5,16000000000,70000000000
1758205800,130.295,132.927,128.979,131.611,127.663,125.031,118.45,125.031,118.45,125.031,3562729,49.934,50,,-0.313,3.738,-4.563,2.2,5,16000000000,70000000000
1758292200,128.617,131.216,127.318,129.916,126.019,123.421,116.925,123.421,116.925,123.421,3588462,34.653,50,,-0.915,0.551,-1.949,2.4,5,17000000000,70000000000
1758551400,130.284,132.916,128.968,131.6,127.652,125.02,118.44,125.02,118.44,125.02,1679056,51.332,50,,-0.544,-2.827,0.037,2.4,5,17000000000,70000000000
1758637800,132.593,135.271,131.253,133.932,129.914,127.235,120.539,127.235,120.539,127.235,4524775,52.509,50,,-0.466,-3.653,0.777,2.4,5,17000000000,70000000000
1758724200,131.323,133.976,129.996,132.649,128.67,126.017,119.384,126.017,119.384,126.017,4590704,53.84,50,,-0.886,4.917,-0.681,2.4,5,17000000000,70000000000
1758810600,134.019,136.727,132.665,135.373,131.312,128.604,121.836,128.604,121.836,128.604,4537719,48.985,50,,-0.127,3.091,-3.147,2.4,5,17000000000,70000000000
1758897000,135.661,138.401,134.29,137.031,132.92,130.179,123.328,130.179,123.328,130.179,1142802,67.24,50,,0.962,2.574,4.534,2.4,5,17000000000,70000000000
1759156200,135.309,138.043,133.943,136.676,132.576,129.842,123.009,129.842,123.009,129.842,4945712,44.199,50,,0.822,4.904,2.892,2.4,5,17000000000,70000000000
1759242600,133.907,136.612,132.555,135.26,131.202,128.497,121.734,128.497,121.734,128.497,4952553,32.374,50,,-0.866,-0.535,3.142,2.4,5,17000000000,70000000000
1759329000,132.461,135.137,131.123,133.799,129.785,127.109,120.419,127.109,120.419,127.109,1650074,57.637,50,,0.959,0.21,-3.928,2.4,5,17000000000,70000000000
1759415400,133.621,136.321,132.271,134.971,130.922,128.222,121.474,128.222,121.474,128.222,4768818,67.189,50,,0.224,-0.278,-2.375,2.4,5,17000000000,70000000000
1759501800,135.399,138.135,134.032,136.767,132.664,129.929,123.09,129.929,123.09,129.929,2221239,69.843,50,,0.796,2.982,1.895,2.4,5,17000000000,70000000000
1759761000,134.855,137.58,133.493,136.218,132.131,129.407,122.596,129.407,122.596,129.407,1146818,61.5,50,,-0.235,0.353,-4.757,2.4,5,17000000000,70000000000
1759847400,133.47,136.166,132.122,134.818,130.774,128.077,121.336,128.077,121.336,128.077,3068688,55.817,50,,0.772,2.013,-0.638,2.4,5,17000000000,70000000000
1759933800,133.693,136.394,132.343,135.044,130.992,128.292,121.539,128.292,121.539,128.292,1412540,39.953,50,,-0.017,-3.841,-0.035,2.4,5,17000000000,70000000000
1760020200,134.988,137.715,133.625,136.352,132.261,129.534,122.717,129.534,122.717,129.534,4952872,53.79,50,,0.788,-0.668,0.536,2.4,5,17000000000,70000000000
1760106600,134.68,137.401,133.32,136.041,131.959,129.239,122.437,129.239,122.437,129.239,4166170,30.953,50,,-0.201,3.688,-0.742,2.4,5,17000000000,70000000000
1760365800,132.33,135.003,130.993,133.666,129.656,126.983,120.3,126.983,120.3,126.983,2630051,54.65,50,,0.277,-2.984,-2.286,2.4,5,17000000000,70000000000
1760452200,132.992,135.679,131.649,134.336,130.306,127.619,120.902,127.619,120.902,127.619,2108888,50.349,50,,0.534,-1.742,4.435,2.4,5,17000000000,70000000000
1760538600,133.467,136.164,132.119,134.816,130.771,128.075,121.334,128.075,121.334,128.075,3256073,61.284,50,,0.887,4.021,-4.755,2.4,5,17000000000,70000000000
1760625000,134.504,137.221,133.145,135.862,131.786,129.069,122.276,129.069,122.276,129.069,4818573,33.882,50,,-0.258,-2.351,-4.053,2.4,5,17000000000,70000000000
1760711400,132.599,135.277,131.259,133.938,129.92,127.241,120.544,127.241,120.544,127.241,1355132,46.254,50,,0.942,-4.721,0.827,2.4,5,17000000000,70000000000
1760970600,130.67,133.31,129.351,131.99,128.031,125.391,118.791,125.391,118.791,125.391,4213419,52.403,50,,-0.217,3.016,2.716,2.4,5,17000000000,70000000000
1761057000,130.853,133.496,129.531,132.174,128.209,125.566,118.957,125.566,118.957,125.566,2577007,62.129,50,,-0.179,-4.16,1.728,2.4,5,17000000000,70000000000
1761143400,133.188,135.879,131.843,134.533,130.497,127.807,121.08,127.807,121.08,127.807,1351430,41.744,50,,-0.921,2.694,-4.316,2.4,5,17000000000,70000000000
1761229800,135.155,137.885,133.789,136.52,132.424,129.694,122.868,129.694,122.868,129.694,3452372,42.268,50,,-0.384,0.375,1.207,2.4,5,17000000000,70000000000
1761316200,137.279,140.052,135.892,138.666,134.506,131.732,124.799,131.732,124.799,131.732,4591292,60.747,50,,0.776,-1.448,0.262,2.4,5,17000000000,70000000000
1761575400,136.421,139.177,135.043,137.799,133.665,130.909,124.019,130.909,124.019,130.909,1975909,69.531,50,,0.269,2.015,-1.892,2.4,5,17000000000,70000000000
1761661800,139.379,142.195,137.971,140.787,136.563,133.748,126.708,133.748,126.708,133.748,4487360,51.452,50,,0.428,0.878,1.567,2.4,5,17000000000,70000000000
1761748200,138.071,140.86,136.676,139.466,135.282,132.492,125.519,132.492,125.519,132.492,3757543,61.397,50,,-0.705,-2.583,-3.388,2.4,5,17000000000,70000000000
1761834600,136.815,139.579,135.433,138.197,134.051,131.287,124.377,131.287,124.377,131.287,1849664,35.509,50,,0.629,4.65,2.953,2.4,5,17000000000,70000000000
1761921000,138.895,141.7,137.492,140.298,136.089,133.283,126.268,133.283,126.268,133.283,1310459,42.648,50,,0.817,-2.89,-4.613,2.4,5,17000000000,70000000000
1762180200,137.377,140.152,135.989,138.764,134.601,131.826,124.888,131.826,124.888,131.826,4313769,34.505,50,,0.793,2.719,2.214,2.4,5,17000000000,70000000000
1762266600,136.301,139.054,134.924,137.677,133.547,130.793,123.91,130.793,123.91,130.793,4330681,56.068,50,,-0.327,-4.314,3.233,2.4,5,17000000000,70000000000
1762353000,134.26,136.973,132.904,135.617,131.548,128.836,122.055,128.836,122.055,128.836,2944349,58.59,50,,0.112,-4.902,4.53,2.4,5,17000000000,70000000000
1762439400,134.159,136.869,132.804,135.514,131.449,128.738,121.963,128.738,121.963,128.738,3266365,34.388,50,,-0.969,-1.922,0.19,2.4,5,17000000000,70000000000
1762525800,133.133,135.823,131.788,134.478,130.444,127.754,121.03,127.754,121.03,127.754,2291924,40.565,50,,-0.301,-2.125,-4.709,2.4,5,17000000000,70000000000
1762785000,130.529,133.166,129.211,131.848,127.892,125.255,118.663,125.255,118.663,125.255,4275641,64.198,50,,-0.117,-2.937,-1.843,2.4,5,17000000000,70000000000
1762871400,131.547,134.204,130.218,132.875,128.889,126.232,119.588,126.232,119.588,126.232,1479501,39.865,50,,0.74,-3.069,-3.053,2.4,5,17000000000,70000000000
1762957800,133.922,136.627,132.569,135.274,131.216,128.511,121.747,128.511,121.747,128.511,3613811,53.848,50,,0.769,4.741,-0.598,2.4,5,17000000000,70000000000
1763044200,135.341,138.076,133.974,136.709,132.607,129.873,123.038,129.873,123.038,129.873,3346630,39.096,50,,-0.05,3.376,4.495,2.4,5,17000000000,70000000000
1763130600,132.685,135.365,131.345,134.025,130.004,127.324,120.623,127.324,120.623,127.324,1580439,32.508,50,,0.743,-1.797,0.767,2.4,5,17000000000,70000000000
1763389800,132.915,135.6,131.572,134.257,130.23,127.545,120.832,127.545,120.832,127.545,2094565,37.794,50,,-0.984,-2.203,-2.411,2.4,5,17000000000,70000000000
1763476200,133.287,135.979,131.94,134.633,130.594,127.901,121.17,127.901,121.17,127.901,4664848,46.161,50,,0.057,-0.345,-4.115,2.4,5,17000000000,70000000000
1763562600,134.874,137.599,133.512,136.236,132.149,129.425,122.613,129.425,122.613,129.425,3360472,45.759,50,,0.803,-2.917,-4.744,2.4,5,17000000000,70000000000
1763649000,132.469,135.145,131.131,133.807,129.793,127.117,120.427,127.117,120.427,127.117,2330247,35.79,50,,-0.363,-4.591,-0.916,2.4,5,17000000000,70000000000
1763735400,134.464,137.181,133.106,135.822,131.748,129.031,122.24,129.031,122.24,129.031,2991319,63.278,50,,0.758,-4.351,1.891,2.4,5,17000000000,70000000000
1763994600,132.515,135.192,131.177,133.854,129.838,127.161,120.468,127.161,120.468,127.161,2722857,51.837,50,,0.089,0.919,-2.824,2.4,5,17000000000,70000000000
1764081000,131.558,134.216,130.229,132.887,128.9,126.243,119.598,126.243,119.598,126.243,2595041,68.293,50,,0.819,-4.771,0.696,2.4,5,17000000000,70000000000
1764167400,129.981,132.607,128.668,131.294,127.355,124.729,118.164,124.729,118.164,124.729,3184694,59.618,50,,0.774,-2.701,-2.891,2.4,5,17000000000,70000000000
1764253800,128.28,130.872,126.984,129.576,125.689,123.097,116.618,123.097,116.618,123.097,3759351,63.642,50,,0.777,-4.851,3.009,2.4,5,17000000000,70000000000
1764340200,130.233,132.864,128.918,131.549,127.602,124.971,118.394,124.971,118.394,124.971,1166700,58.325,50,,-0.14,4.557,4.418,2.4,5,17000000000,70000000000
1764599400,128.822,131.424,127.52,130.123,126.219,123.617,117.111,123.617,117.111,123.617,2965625,62.494,50,,0.87,4.699,1.626,2.4,5,17000000000,70000000000
1764685800,130.968,133.614,129.645,132.291,128.322,125.676,119.062,125.676,119.062,125.676,1266120,35.084,50,,0.012,-0.064,1.605,2.4,5,17000000000,70000000000
1764772200,130.729,133.37,129.408,132.049,128.088,125.447,118.844,125.447,118.844,125.447,4598915,53.293,50,,0.693,-0.569,4.418,2.4,5,17000000000,70000000000
1764858600,130.068,132.695,128.754,131.382,127.44,124.813,118.243,124.813,118.243,124.813,4364963,52.653,50,,-0.246,1.206,-3.937,2.4,5,17000000000,70000000000
1764945000,131.219,133.87,129.893,132.544,128.568,125.917,119.29,125.917,119.29,125.917,3515910,55.201,50,,-0.311,-4.742,3.753,2.4,5,17000000000,70000000000
1765204200,131.318,133.971,129.991,132.644,128.665,126.012,119.38,126.012,119.38,126.012,4198653,48.412,50,,-0.78,1.48,4.479,2.4,5,17000000000,70000000000
1765290600,129.983,132.609,128.67,131.296,127.357,124.731,118.166,124.731,118.166,124.731,2472802,50.476,50,,0.776,1.768,-2.233,2.4,5,17000000000,70000000000
1765377000,130.601,133.24,129.282,131.92,127.963,125.324,118.728,125.324,118.728,125.324,4218690,54.601,50,,-0.33,0.718,-0.702,2.4,5,17000000000,70000000000
1765463400,129.698,132.319,128.388,131.008,127.078,124.458,117.908,124.458,117.908,124.458,2857126,59.182,50,,-0.021,-1.163,4.604,2.4,5,17000000000,70000000000
1765549800,128.492,131.088,127.194,129.79,125.896,123.3,116.811,123.3,116.811,123.3,2202780,40.391,50,,0.131,-1.754,0.145,2.6,6,18000000000,105000000000
1765809000,126.9,129.463,125.618,128.182,124.336,121.772,115.363,121.772,115.363,121.772,2231489,59.604,50,,-0.659,-1.28,1.367,2.6,6,18000000000,105000000000
1765895400,128.505,131.101,127.207,129.803,125.909,123.313,116.822,123.313,116.822,123.313,2899299,64.63,50,,0.356,1.646,3.464,2.6,6,18000000000,105000000000
1765981800,126.489,129.045,125.212,127.767,123.934,121.379,114.99,121.379,114.99,121.379,3050035,52.501,50,,0.866,-4.66,-4.813,2.6,6,18000000000,105000000000
1766068200,124.153,126.661,122.899,125.407,121.645,119.137,112.866,119.137,112.866,119.137,2304154,37.053,50,,-0.045,2.175,-1.626,2.6,6,18000000000,105000000000
1766154600,124.041,126.547,122.788,125.294,121.535,119.029,112.764,119.029,112.764,119.029,2433859,39.501,50,,0.935,-1.542,3.448,2.6,6,18000000000,105000000000
1766413800,125.273,127.804,124.008,126.538,122.742,120.211,113.884,120.211,113.884,120.211,1096105,47.619,50,,-0.604,-3.469,-3.207,2.6,6,18000000000,105000000000
1766500200,123.195,125.684,121.951,124.44,120.706,118.218,111.996,118.218,111.996,118.218,1171146,36.969,50,,-0.991,0.384,1.201,2.6,6,18000000000,105000000000
1766586600,121.572,124.028,120.344,122.8,119.116,116.66,110.52,116.66,110.52,116.66,4512840,46.902,50,,0.63,-2.427,0.191,2.6,6,18000000000,105000000000
1766673000,124.036,126.542,122.783,125.289,121.53,119.024,112.76,119.024,112.76,119.024,1792126,63.536,50,,0.21,2.15,-0.895,2.6,6,18000000000,105000000000
1766759400,124.219,126.729,122.964,125.474,121.71,119.2,112.927,119.2,112.927,119.2,2140300,47.707,50,,0.13,-4.761,-0.275,2.6,6,18000000000,105000000000
1767018600,125.552,128.089,124.284,126.82,123.016,120.479,114.138,120.479,114.138,120.479,2758867,36.48,50,,-0.139,3.353,0.088,2.6,6,18000000000,105000000000
1767105000,125.719,128.259,124.449,126.989,123.179,120.639,114.29,120.639,114.29,120.639,3113006,54.919,50,,-0.466,-0.87,-0.187,2.6,6,18000000000,105000000000
1767191400,128.263,130.854,126.967,129.558,125.671,123.08,116.602,123.08,116.602,123.08,4926722,58.305,50,,0.74,0.515,-2.136,2.6,6,18000000000,105000000000
1767277800,127.63,130.209,126.341,128.92,125.052,122.474,116.028,122.474,116.028,122.474,3284659,62.479,50,,0.433,0.311,-2.353,2.6,6,18000000000,105000000000
1767364200,129.646,132.265,128.337,130.956,127.027,124.408,117.86,124.408,117.86,124.408,1303996,40.532,50,,0.753,-3.395,4.963,2.6,6,18000000000,105000000000
1767623400,131.413,134.068,130.086,132.741,128.759,126.104,119.467,126.104,119.467,126.104,2058488,49.626,50,,-0.681,-0.165,-2.804,2.6,6,18000000000,105000000000
1767709800,129.408,132.023,128.101,130.716,126.794,124.18,117.644,124.18,117.644,124.18,1238175,36.903,50,,-0.81,0.492,1.548,2.6,6,18000000000,105000000000
1767796200,131.089,133.737,129.764,132.413,128.44,125.792,119.171,125.792,119.171,125.792,1242842,40.858,50,,0.059,3.892,1.416,2.6,6,18000000000,105000000000
1767882600,130.426,133.06,129.108,131.743,127.791,125.156,118.569,125.156,118.569,125.156,2836400,34.421,50,,0.797,3.735,4.364,2.6,6,18000000000,105000000000
1767969000,129.948,132.574,128.636,131.261,127.323,124.698,118.135,124.698,118.135,124.698,1346519,39.169,50,,0.451,0.61,4.899,2.6,6,18000000000,105000000000
1768228200,129.704,132.324,128.394,131.014,127.083,124.463,117.912,124.463,117.912,124.463,4795984,59.123,50,,-0.128,-2.335,-3.491,2.6,6,18000000000,105000000000
1768314600,127.397,129.971,126.111,128.684,124.824,122.25,115.816,122.25,115.816,122.25,2475045,68.691,50,,-0.865,0.93,4.731,2.6,6,18000000000,105000000000
1768401000,127.931,130.515,126.639,129.223,125.347,122.762,116.301,122.762,116.301,122.762,1742852,35.812,50,,0.439,3.413,-3.854,2.6,6,18000000000,105000000000
1768487400,126.47,129.025,125.193,127.748,123.915,121.36,114.973,121.36,114.973,121.36,4970603,58.179,50,,-0.283,0.274,1.263,2.6,6,18000000000,105000000000
1768573800,124.799,127.32,123.538,126.06,122.278,119.757,113.454,119.757,113.454,119.757,1852744,41.962,50,,0.699,-3.617,-1.0,2.6,6,18000000000,105000000000
1768833000,124.867,127.389,123.606,126.128,122.344,119.822,113.515,119.822,113.515,119.822,3952448,61.203,50,,0.064,-4.756,-2.512,2.6,6,18000000000,105000000000
1768919400,123.489,125.984,122.242,124.736,120.994,118.5,112.263,118.5,112.263,118.5,2661820,47.747,50,,0.178,-0.739,3.593,2.6,6,18000000000,105000000000
1769005800,125.82,128.362,124.549,127.091,123.278,120.736,114.382,120.736,114.382,120.736,4776289,43.627,50,,0.184,-4.452,-3.608,2.6,6,18000000000,105000000000
1769092200,127.783,130.365,126.492,129.074,125.202,122.62,116.166,122.62,116.166,122.62,4115759,48.797,50,,-0.648,-4.918,-4.759,2.6,6,18000000000,105000000000
1769178600,126.722,129.283,125.442,128.002,124.162,121.602,115.202,121.602,115.202,121.602,4021174,48.423,50,,0.427,0.112,1.982,2.6,6,18000000000,105000000000
1769437800,128.765,131.366,127.464,130.066,126.164,123.562,117.059,123.562,117.059,123.562,3857722,40.561,50,,-0.231,-3.946,-1.047,2.6,6,18000000000,105000000000
1769524200,127.495,130.071,126.207,128.783,124.92,122.344,115.905,122.344,115.905,122.344,4047688,59.364,50,,-0.731,1.037,1.294,2.6,6,18000000000,105000000000
1769610600,126.973,129.538,125.69,128.255,124.407,121.842,115.43,121.842,115.43,121.842,1236383,41.616,50,,0.542,3.642,4.058,2.6,6,18000000000,105000000000
1769697000,128.137,130.725,126.842,129.431,125.548,122.959,116.488,122.959,116.488,122.959,2841790,42.688,50,,-0.98,0.326,4.197,2.6,6,18000000000,105000000000
1769783400,129.497,132.114,128.189,130.806,126.881,124.265,117.725,124.265,117.725,124.265,2644314,57.774,50,,0.518,-4.488,3.13,2.6,6,18000000000,105000000000
1770042600,129.337,131.95,128.03,130.643,126.724,124.111,117.579,124.111,117.579,124.111,3879268,57.612,50,,-0.805,-0.938,-3.767,2.6,6,18000000000,105000000000
1770129000,129.822,132.444,128.51,131.133,127.199,124.576,118.02,124.576,118.02,124.576,4695409,30.7,50,,0.83,2.751,0.956,2.6,6,18000000000,105000000000
1770215400,131.381,134.035,130.054,132.708,128.727,126.073,119.438,126.073,119.438,126.073,2460619,37.023,50,,0.469,-3.568,4.4,2.6,6,18000000000,105000000000
1770301800,130.329,132.962,129.013,131.646,127.696,125.063,118.481,125.063,118.481,125.063,3940850,54.504,50,,0.648,-3.338,0.703,2.6,6,18000000000,105000000000
1770388200,131.681,134.341,130.35,133.011,129.02,126.36,119.71,126.36,119.71,126.36,3444331,62.437,50,,0.191,2.412,-4.651,2.6,6,18000000000,105000000000
1770647400,133.924,136.63,132.571,135.277,131.219,128.513,121.749,128.513,121.749,128.513,3261106,67.61,50,,-0.176,-3.535,-3.296,2.6,6,18000000000,105000000000
1770733800,133.457,136.153,132.109,134.805,130.761,128.065,121.324,128.065,121.324,128.065,4883737,66.597,50,,0.799,1.632,0.033,2.6,6,18000000000,105000000000
1770820200,134.388,137.103,133.031,135.746,131.673,128.958,122.171,128.958,122.171,128.958,3538282,53.533,50,,0.232,-2.395,-0.108,2.6,6,18000000000,105000000000
1770906600,131.89,134.554,130.557,133.222,129.225,126.561,119.9,126.561,119.9,126.561,3626746,59.573,50,,-0.681,1.336,-2.312,2.6,6,18000000000,105000000000
1770993000,130.771,133.412,129.45,132.092,128.129,125.487,118.882,125.487,118.882,125.487,2071428,68.62,50,,0.941,3.335,4.238,2.6,6,18000000000,105000000000
1771252200,132.779,135.461,131.438,134.12,130.097,127.414,120.708,127.414,120.708,127.414,2962771,67.868,50,,-0.068,2.825,-4.585,2.6,6,18000000000,105000000000
1771338600,130.569,133.207,129.25,131.888,127.931,125.294,118.699,125.294,118.699,125.294,4416450,67.268,50,,0.456,0.79,-3.86,2.6,6,18000000000,105000000000
1771425000,129.341,131.954,128.035,130.648,126.728,124.115,117.583,124.115,117.583,124.115,1614642,62.606,50,,-0.772,3.426,4.101,2.6,6,18000000000,105000000000
1771511400,132.051,134.719,130.717,133.385,129.383,126.716,120.047,126.716,120.047,126.716,3575908,54.965,50,,-0.553,0.363,-0.107,2.6,6,18000000000,105000000000
1771597800,134.868,137.593,133.506,136.23,132.143,129.419,122.607,129.419,122.607,129.419,4961986,36.864,50,,0.657,-1.019,0.125,2.6,6,18000000000,105000000000
1771857000,136.687,139.448,135.306,138.067,133.925,131.164,124.261,131.164,124.261,131.164,3802858,36.855,50,,0.06,-4.295,1.29,2.6,6,18000000000,105000000000
1771943400,138.267,141.061,136.871,139.664,135.474,132.681,125.698,132.681,125.698,132.681,1063644,62.327,50,,-0.404,-0.494,-4.993,2.6,6,18000000000,105000000000
1772029800,139.351,142.166,137.943,140.758,136.536,133.72,126.682,133.72,126.682,133.72,4112741,41.247,50,,-0.39,4.325,4.467,2.6,6,18000000000,105000000000
1772116200,141.156,144.007,139.73,142.581,138.304,135.452,128.323,135.452,128.323,135.452,2923650,45.329,50,,0.625,1.45,-1.938,2.6,6,18000000000,105000000000
1772202600,142.278,145.152,140.841,143.715,139.403,136.529,129.343,136.529,129.343,136.529,1526916,50.388,50,,0.771,4.389,-1.34,2.6,6,18000000000,105000000000
1772461800,143.671,146.574,142.22,145.123,140.769,137.866,130.61,137.866,130.61,137.866,1395956,69.73,50,,0.623,-3.447,-3.862,2.6,6,18000000000,105000000000
1772548200,142.321,145.196,140.883,143.758,139.446,136.57,129.383,136.57,129.383,136.57,4447594,38.441,50,,0.845,-3.591,-2.77,2.6,6,18000000000,105000000000
1772634600,143.147,146.039,141.701,144.593,140.255,137.363,130.134,137.363,130.134,137.363,1964988,58.32,50,,-0.035,1.411,-0.916,2.6,6,18000000000,105000000000
1772721000,142.346,145.222,140.908,143.784,139.47,136.595,129.406,136.595,129.406,136.595,4775038,54.956,50,,-0.776,-4.47,-2.047,2.6,6,18000000000,105000000000
1772807400,142.579,145.459,141.139,144.019,139.699,136.818,129.617,136.818,129.617,136.818,1834962,69.08,50,,-0.541,2.357,-1.239,2.8,6,19000000000,105000000000
1773066600,141.263,144.117,139.836,142.69,138.409,135.555,128.421,135.555,128.421,135.555,1006294,69.916,50,,0.544,-3.595,2.647,2.8,6,19000000000,105000000000
1773153000,138.974,141.782,137.57,140.378,136.167,133.359,126.34,133.359,126.34,133.359,4353422,63.3,50,,-0.8,-3.916,-0.949,2.8,6,19000000000,105000000000
1773239400,136.864,139.629,135.482,138.247,134.099,131.335,124.422,131.335,124.422,131.335,2843878,62.925,50,,0.333,2.974,-3.387,2.8,6,19000000000,105000000000
1773325800,135.694,138.435,134.323,137.064,132.952,130.211,123.358,130.211,123.358,130.211,4512301,58.133,50,,-0.305,-2.482,2.548,2.8,6,19000000000,105000000000
1773412200,133.157,135.847,131.812,134.502,130.467,127.777,121.052,127.777,121.052,127.777,2079023,66.931,50,,0.804,0.96,-4.841,2.8,6,19000000000,105000000000
1773671400,130.587,133.226,129.268,131.907,127.949,125.311,118.716,125.311,118.716,125.311,4933159,63.504,50,,-0.651,-2.991,1.428,2.8,6,19000000000,105000000000
1773757800,129.238,131.849,127.932,130.543,126.627,124.016,117.489,124.016,117.489,124.016,2787383,57.521,50,,0.376,-1.297,3.127,2.8,6,19000000000,105000000000
1773844200,127.682,130.261,126.392,128.972,125.102,122.523,116.074,122.523,116.074,122.523,1019116,67.316,50,,-0.322,-1.702,2.949,2.8,6,19000000000,105000000000
1773930600,126.968,129.533,125.685,128.25,124.403,121.838,115.425,121.838,115.425,121.838,3468494,61.572,50,,-0.485,-0.975,1.146,2.8,6,19000000000,105000000000
1774017000,128.552,131.149,127.253,129.85,125.955,123.358,116.865,123.358,116.865,123.358,3572342,33.001,50,,0.609,3.447,-2.77,2.8,6,19000000000,105000000000
1774276200,128.529,131.126,127.231,129.828,125.933,123.336,116.845,123.336,116.845,123.336,2451789,60.914,50,,0.434,-3.938,0.311,2.8,6,19000000000,105000000000
1774362600,126.249,128.799,124.974,127.524,123.698,121.148,114.772,121.148,114.772,121.148,3609783,60.168,50,,0.546,0.355,3.481,2.8,6,19000000000,105000000000
1774449000,125.969,128.513,124.696,127.241,123.424,120.879,114.517,120.879,114.517,120.879,3605431,30.183,50,,-0.206,2.31,-2.924,2.8,6,19000000000,105000000000
1774535400,128.278,130.869,126.982,129.573,125.686,123.095,116.616,123.095,116.616,123.095,3809865,67.344,50,,-0.012,-0.899,2.836,2.8,6,19000000000,105000000000
1774621800,130.672,133.312,129.352,131.992,128.032,125.393,118.793,125.393,118.793,125.393,4779022,58.562,50,,-0.014,1.561,4.685,2.8,6,19000000000,105000000000
1774881000,132.332,135.006,130.996,133.669,129.659,126.985,120.302,126.985,120.302,126.985,4609442,41.952,50,,0.576,-2.489,1.482,2.8,6,19000000000,105000000000
1774967400,131.374,134.029,130.047,132.702,128.72,126.066,119.431,126.066,119.431,126.066,1559385,47.456,50,,0.043,-2.891,-4.603,2.8,6,19000000000,105000000000
1775053800,131.519,134.176,130.191,132.848,128.862,126.205,119.563,126.205,119.563,126.205,4611896,52.99,50,,-0.006,-2.358,-2.102,2.8,6,19000000000,105000000000
1775140200,133.304,135.997,131.958,134.651,130.611,127.918,121.186,127.918,121.186,127.918,2400979,68.966,50,,-0.482,3.816,-0.581,2.8,6,19000000000,105000000000
1775226600,134.318,137.032,132.962,135.675,131.605,128.891,122.108,128.891,122.108,128.891,4726541,49.795,50,,-0.663,3.861,-4.604,2.8,6,19000000000,105000000000
1775485800,134.92,137.646,133.557,136.283,132.194,129.469,122.655,129.469,122.655,129.469,4903315,42.679,50,,0.046,-1.945,-0.845,2.8,6,19000000000,105000000000
1775572200,132.838,135.522,131.496,134.18,130.155,127.471,120.762,127.471,120.762,127.471,3590387,55.046,50,,-0.352,4.214,-1.556,2.8,6,19000000000,105000000000
1775658600,133.668,136.368,132.318,135.018,130.968,128.267,121.516,128.267,121.516,128.267,3177358,47.382,50,,0.425,0.203,-4.673,2.8,6,19000000000,105000000000
1775745000,131.101,133.75,129.777,132.426,128.453,125.804,119.183,125.804,119.183,125.804,2860492,31.043,50,,0.785,3.808,-2.19,2.8,6,19000000000,105000000000
1775831400,132.17,134.84,130.835,133.505,129.5,126.83,120.154,126.83,120.154,126.83,4480906,38.378,50,,0.584,-2.107,-3.35,2.8,6,19000000000,105000000000
1776090600,129.742,132.363,128.432,131.053,127.121,124.5,117.948,124.5,117.948,124.5,2637370,64.824,50,,0.083,4.074,-3.885,2.8,6,19000000000,105000000000
1776177000,128.716,131.316,127.416,130.016,126.116,123.515,117.015,123.515,117.015,123.515,4815202,31.995,50,,-0.542,-0.807,0.758,2.8,6,19000000000,105000000000
1776263400,129.385,131.999,128.078,130.692,126.771,124.157,117.623,124.157,117.623,124.157,3430584,50.454,50,,-0.822,2.962,-0.954,2.8,6,19000000000,105000000000
1776349800,130.353,132.986,129.036,131.67,127.72,125.086,118.503,125.086,118.503,125.086,4272727,67.765,50,,0.034,3.349,4.498,2.8,6,19000000000,105000000000
1776436200,132.492,135.169,131.154,133.831,129.816,127.139,120.448,127.139,120.448,127.139,4365719,55.58,50,,0.357,-2.818,2.78,2.8,6,19000000000,105000000000
1776695400,131.411,134.066,130.084,132.739,128.756,126.102,119.465,126.102,119.465,126.102,2090814,61.235,50,,-0.64,-2.474,-0.512,2.8,6,19000000000,105000000000
1776781800,131.182,133.832,129.857,132.507,128.532,125.882,119.257,125.882,119.257,125.882,1420881,41.892,50,,-0.892,-3.245,-2.456,2.8,6,19000000000,105000000000
1776868200,129.709,132.329,128.399,131.019,127.089,124.468,117.917,124.468,117.917,124.468,1176768,56.918,50,,0.102,0.672,-2.029,2.8,6,19000000000,105000000000
1776954600,131.074,133.722,129.75,132.398,128.426,125.778,119.158,125.778,119.158,125.778,2425577,33.872,50,,-0.676,1.968,-4.274,2.8,6,19000000000,105000000000
1777041000,132.748,135.43,131.408,134.089,130.067,127.385,120.68,127.385,120.68,127.385,3853924,53.1,50,,-0.246,0.668,-4.767,2.8,6,19000000000,105000000000
1777300200,135.232,137.964,133.866,136.598,132.5,129.768,122.938,129.768,122.938,129.768,3860856,30.715,50,,-0.992,-0.843,1.169,2.8,6,19000000000,105000000000
1777386600,138.011,140.799,136.617,139.405,135.223,132.435,125.465,132.435,125.465,132.435,4518626,37.031,50,,0.479,2.797,1.531,2.8,6,19000000000,105000000000
1777473000,136.358,139.112,134.98,137.735,133.603,130.848,123.961,130.848,123.961,130.848,1931468,33.663,50,,-0.096,0.444,3.522,2.8,6,19000000000,105000000000
1777559400,137.437,140.213,136.048,138.825,134.66,131.884,124.942,131.884,124.942,131.884,1804502,50.28,50,,-0.488,-1.114,1.711,2.8,6,19000000000,105000000000
1777645800,138.264,141.057,136.867,139.66,135.47,132.677,125.694,132.677,125.694,132.677,4746929,68.886,50,,-0.706,1.325,-1.383,2.8,6,19000000000,105000000000
1777905000,139.708,142.53,138.296,141.119,136.885,134.063,127.007,134.063,127.007,134.063,3098325,55.636,50,,0.546,-3.107,1.618,2.8,6,19000000000,105000000000
1777991400,137.532,140.31,136.143,138.921,134.753,131.975,125.029,131.975,125.029,131.975,2156248,36.749,50,,-0.356,-3.372,1.452,2.8,6,19000000000,105000000000
1778077800,138.296,141.09,136.899,139.693,135.502,132.708,125.724,132.708,125.724,132.708,2626902,40.47,50,,-0.575,-2.387,-4.582,2.8,6,19000000000,105000000000
1778164200,135.722,138.464,134.351,137.093,132.98,130.238,123.383,130.238,123.383,130.238,1645248,58.784,50,,0.878,-1.986,3.511,2.8,6,19000000000,105000000000
1778250600,135.32,138.054,133.953,136.687,132.586,129.853,123.018,129.853,123.018,129.853,4598381,44.241,50,,-0.604,4.148,3.001,2.8,6,19000000000,105000000000
1778509800,134.116,136.825,132.761,135.47,131.406,128.697,121.923,128.697,121.923,128.697,3591139,36.106,50,,0.16,-3.585,-4.388,2.8,6,19000000000,105000000000
1778596200,132.899,135.584,131.557,134.241,130.214,127.529,120.817,127.529,120.817,127.529,4250702,49.745,50,,-0.092,-1.925,-2.311,2.8,6,19000000000,105000000000
1778682600,134.95,137.676,133.586,136.313,132.223,129.497,122.681,129.497,122.681,129.497,4479795,57.519,50,,0.23,2.844,3.156,2.8,6,19000000000,105000000000
1778769000,137.396,140.171,136.008,138.784,134.62,131.844,124.905,131.844,124.905,131.844,2776868,60.169,50,,0.866,2.202,2.602,2.8,6,19000000000,105000000000
1778855400,138.929,141.735,137.525,140.332,136.122,133.315,126.299,133.315,126.299,133.315,4615383,45.663,50,,0.778,-4.191,2.268,2.8,6,19000000000,105000000000
1779114600,140.27,143.103,138.853,141.686,137.436,134.602,127.518,134.602,127.518,134.602,4833455,44.614,50,,-0.141,-1.18,3.397,2.8,6,19000000000,105000000000
1779201000,139.682,142.504,138.271,141.093,136.86,134.038,126.983,134.038,126.983,134.038,2819238,54.321,50,,-0.775,-2.708,1.876,2.8,6,19000000000,105000000000
1779287400,139.139,141.95,137.734,140.544,136.328,133.517,126.49,133.517,126.49,133.517,3877845,35.323,50,,0.239,1.926,-1.769,2.8,6,19000000000,105000000000
1779373800,138.924,141.731,137.521,140.328,136.118,133.311,126.295,133.311,126.295,133.311,4228881,64.655,50,,-0.243,4.427,0.632,2.8,6,19000000000,105000000000
1779460200,137.221,139.993,135.835,138.607,134.449,131.677,124.746,131.677,124.746,131.677,3112439,37.937,50,,-0.5,-3.687,-2.263,2.8,6,19000000000,105000000000
1779719400,139.918,142.745,138.505,141.331,137.092,134.265,127.198,134.265,127.198,134.265,1054822,30.196,50,,-0.429,3.322,-4.456,2.8,6,19000000000,105000000000
1779805800,138.952,141.759,137.549,140.356,136.145,133.338,126.32,133.338,126.32,133.338,3845523,35.922,50,,-0.865,-3.436,-0.82,2.8,6,19000000000,105000000000
1779892200,140.639,143.481,139.219,142.06,137.798,134.957,127.854,134.957,127.854,134.957,1548351,32.918,50,,-0.613,2.644,1.02,2.8,6,19000000000,105000000000
1779978600,139.106,141.916,137.701,140.511,136.296,133.485,126.46,133.485,126.46,133.485,2646598,51.643,50,,-0.02,1.032,3.034,2.8,6,19000000000,105000000000
1780065000,137.742,140.525,136.351,139.134,134.96,132.177,125.22,132.177,125.22,132.177,1305170,57.302,50,,-0.511,-3.107,1.138,3.0,6,20000000000,105000000000
1780324200,140.539,143.378,139.119,141.958,137.7,134.861,127.763,134.861,127.763,134.861,3299828,40.381,50,,-0.869,2.697,3.545,3.0,6,20000000000,105000000000
1780410600,143.142,146.033,141.696,144.588,140.25,137.358,130.129,137.358,130.129,137.358,1330797,44.219,50,,-0.442,1.566,-0.303,3.0,6,20000000000,105000000000
1780497000,144.989,147.918,143.524,146.454,142.06,139.131,131.808,139.131,131.808,139.131,4847376,53.028,50,,0.12,4.275,0.539,3.0,6,20000000000,105000000000
1780583400,142.805,145.69,141.362,144.247,139.92,137.035,129.823,137.035,129.823,137.035,4709454,47.419,50,,-0.143,-2.761,1.753,3.0,6,20000000000,105000000000
1780669800,145.65,148.592,144.178,147.121,142.707,139.765,132.409,139.765,132.409,139.765,2394868,56.786,50,,0.996,-4.477,4.175,3.0,6,20000000000,105000000000
1780929000,148.793,151.799,147.29,150.296,145.787,142.781,135.266,142.781,135.266,142.781,4619601,54.762,50,,-0.677,2.199,0.729,3.0,6,20000000000,105000000000
1781015400,148.017,151.007,146.522,149.512,145.027,142.037,134.561,142.037,134.561,142.037,2918321,38.039,50,,-0.046,-2.178,-2.919,3.0,6,20000000000,105000000000
1781101800,148.843,151.85,147.34,150.347,145.836,142.829,135.312,142.829,135.312,142.829,2185611,34.232,50,,0.329,1.562,3.464,3.0,6,20000000000,105000000000
1781188200,149.067,152.079,147.562,150.573,146.056,143.044,135.516,143.044,135.516,143.044,3814189,63.48,50,,-0.016,-4.383,-2.96,3.0,6,20000000000,105000000000
1781274600,150.46,153.5,148.94,151.98,147.42,144.381,136.782,144.381,136.782,144.381,2295973,59.878,50,,0.243,-0.713,4.991,3.0,6,20000000000,105000000000
1781533800,150.337,153.374,148.818,151.855,147.3,144.262,136.67,144.262,136.67,144.262,2760467,39.76,50,,-0.789,0.054,2.388,3.0,6,20000000000,105000000000
1781620200,153.31,156.407,151.761,154.859,150.213,147.116,139.373,147.116,139.373,147.116,4911788,63.371,50,,0.029,4.273,-1.312,3.0,6,20000000000,105000000000
1781706600,155.769,158.916,154.195,157.342,152.622,149.475,141.608,149.475,141.608,149.475,1120668,67.103,50,,0.188,-0.641,4.628,3.0,6,20000000000,105000000000
1781793000,156.042,159.194,154.466,157.618,152.889,149.737,141.856,149.737,141.856,149.737,1034058,52.391,50,,-0.914,3.43,3.837,3.0,6,20000000000,105000000000
1781879400,157.162,160.337,155.574,158.749,153.987,150.812,142.874,150.812,142.874,150.812,2323567,31.43,50,,0.694,-3.651,3.412,3.0,6,20000000000,105000000000
1782138600,155.197,158.332,153.629,156.764,152.061,148.926,141.088,148.926,141.088,148.926,1613889,35.743,50,,0.987,-1.18,-4.071,3.0,6,20000000000,105000000000
1782225000,152.897,155.986,151.353,154.442,149.808,146.72,138.998,146.72,138.998,146.72,3920984,67.884,50,,0.677,-1.334,-4.624,3.0,6,20000000000,105000000000
1782311400,152.468,155.548,150.928,154.008,149.388,146.308,138.607,146.308,138.607,146.308,3017622,68.156,50,,-0.662,-3.029,4.768,3.0,6,20000000000,105000000000
1782397800,151.587,154.649,150.056,153.118,148.524,145.462,137.806,145.462,137.806,145.462,3919415,41.948,50,,-0.045,3.392,2.722,3.0,6,20000000000,105000000000
1782484200,152.212,155.287,150.675,153.75,149.137,146.062,138.375,146.062,138.375,146.062,3121817,39.409,50,,0.808,-2.87,-3.767,3.0,6,20000000000,105000000000
1782743400,154.088,157.201,152.532,155.645,150.976,147.863,140.08,147.863,140.08,147.863,1042912,60.36,50,,0.246,-4.11,0.283,3.0,6,20000000000,105000000000
1782829800,152.162,155.236,150.625,153.699,149.088,146.014,138.329,146.014,138.329,146.014,3268075,33.218,50,,0.442,3.186,-4.566,3.0,6,20000000000,105000000000
1782916200,155.113,158.247,153.546,156.68,151.979,148.846,141.012,148.846,141.012,148.846,4816204,35.607,50,,0.873,4.32,-1.413,3.0,6,20000000000,105000000000
1783002600,158.381,161.58,156.781,159.981,155.181,151.982,143.983,151.982,143.983,151.982,1799017,65.716,50,,-0.073,3.036,3.585,3.0,6,20000000000,105000000000
1783089000,157.647,160.832,156.055,159.239,154.462,151.277,143.315,151.277,143.315,151.277,2195859,38.463,50,,-0.288,3.34,1.253,3.0,6,20000000000,105000000000
1783348200,155.122,158.256,153.555,156.689,151.988,148.855,141.02,148.855,141.02,148.855,4340861,63.677,50,,-0.189,2.002,-2.008,3.0,6,20000000000,105000000000
1783434600,158.312,161.511,156.713,159.912,155.114,151.916,143.92,151.916,143.92,151.916,3733590,38.77,50,,-0.34,-1.676,4.67,3.0,6,20000000000,105000000000
1783521000,155.485,158.626,153.915,157.056,152.344,149.203,141.35,149.203,141.35,149.203,1077980,58.29,50,,0.202,-1.757,2.135,3.0,6,20000000000,105000000000
1783607400,154.112,157.225,152.555,155.669,150.999,147.885,140.102,147.885,140.102,147.885,3489928,51.017,50,,0.78,4.639,2.179,3.0,6,20000000000,105000000000
1783693800,152.647,155.731,151.105,154.189,149.564,146.48,138.77,146.48,138.77,146.48,4818498,64.579,50,,-0.74,2.517,-1.526,3.0,6,20000000000,105000000000
1783953000,154.777,157.904,153.214,156.341,151.65,148.524,140.707,148.524,140.707,148.524,4571448,49.939,50,,-0.229,-1.948,-0.808,3.0,6,20000000000,105000000000
1784039400,153.295,156.392,151.747,154.844,150.198,147.101,139.359,147.101,139.359,147.101,3172412,53.338,50,,0.134,-4.896,3.058,3.0,6,20000000000,105000000000
1784125800,156.524,159.686,154.943,158.105,153.362,150.2,142.294,150.2,142.294,150.2,2992105,58.344,50,,0.847,-3.509,4.265,3.0,6,20000000000,105000000000
1784212200,159.226,162.443,157.618,160.835,156.01,152.793,144.751,152.793,144.751,152.793,2468349,33.103,50,,0.196,4.286,-2.525,3.0,6,20000000000,105000000000
1784298600,160.349,163.589,158.73,161.969,157.11,153.87,145.772,153.87,145.772,153.87,3307846,36.174,50,,-0.735,-3.612,1.948,3.0,6,20000000000,105000000000
1784557800,163.608,166.914,161.956,165.261,160.303,156.998,148.735,156.998,148.735,156.998,1815014,35.179,50,,0.216,1.884,-3.835,3.0,6,20000000000,105000000000
1784644200,165.664,169.011,163.991,167.337,162.317,158.97,150.604,158.97,150.604,158.97,3499553,41.13,50,,-0.454,-4.926,-3.546,3.0,6,20000000000,105000000000
1784730600,168.161,171.559,166.463,169.86,164.764,161.367,152.874,161.367,152.874,161.367,1267426,61.932,50,,0.884,-0.672,-1.024,3.0,6,20000000000,105000000000
1784817000,169.634,173.06,167.92,171.347,166.207,162.78,154.212,162.78,154.212,162.78,2642913,47.043,50,,-0.28,-0.521,-2.076,3.0,6,20000000000,105000000000
1784903400,169.626,173.053,167.913,171.34,166.2,162.773,154.206,162.773,154.206,162.773,2128018,30.319,50,,-0.54,3.491,-0.005,3.0,6,20000000000,105000000000
1785162600,171.819,175.29,170.083,173.554,168.348,164.877,156.199,164.877,156.199,164.877,1331985,53.756,50,,-0.074,4.764,1.375,3.0,6,20000000000,105000000000
1785249000,169.338,172.759,167.628,171.049,165.917,162.496,153.944,162.496,153.944,162.496,2644415,62.189,50,,0.469,4.548,-2.775,3.0,6,20000000000,105000000000
1785335400,172.012,175.487,170.275,173.75,168.537,165.062,156.375,165.062,156.375,165.062,3590715,41.072,50,,0.445,-3.385,3.857,3.0,6,20000000000,105000000000
1785421800,175.203,178.742,173.433,176.973,171.663,168.124,159.275,168.124,159.275,168.124,2455068,33.446,50,,0.865,3.955,-2.692,3.0,6,20000000000,105000000000
1785508200,174.117,177.634,172.358,175.875,170.599,167.082,158.288,167.082,158.288,167.082,3349458,51.456,50,,0.585,2.059,-0.686,3.0,6,20000000000,105000000000
1785767400,173.24,176.74,171.49,174.99,169.741,166.241,157.491,166.241,157.491,166.241,4744755,36.602,50,,0.236,-1.457,-3.153,3.0,6,20000000000,105000000000
1785853800,176.137,179.695,174.358,177.916,172.578,169.02,160.124,169.02,160.124,169.02,3068975,54.426,50,,0.999,-0.686,-4.366,3.0,6,20000000000,105000000000
1785940200,177.541,181.127,175.747,179.334,173.954,170.367,161.401,170.367,161.401,170.367,2055685,43.131,50,,0.679,0.816,-0.697,3.0,6,20000000000,105000000000
1786026600,178.618,182.226,176.813,180.422,175.009,171.401,162.38,171.401,162.38,171.401,3731746,32.828,50,,0.786,-1.524,2.373,3.0,6,20000000000,105000000000
1786113000,177.645,181.234,175.851,179.44,174.057,170.468,161.496,170.468,161.496,170.468,1500702,47.896,50,,-0.983,4.533,-0.891,3.0,6,20000000000,105000000000
1786372200,181.194,184.855,179.364,183.024,177.534,173.873,164.722,173.873,164.722,173.873,1586946,37.66,50,,0.411,1.16,-3.377,3.0,6,20000000000,105000000000
1786458600,181.985,185.661,180.146,183.823,178.308,174.632,165.44,174.632,165.44,174.632,1238859,69.822,50,,-0.777,1.381,-3.884,3.0,6,20000000000,105000000000
1786545000,179.718,183.349,177.903,181.534,176.088,172.457,163.38,172.457,163.38,172.457,3685570,52.328,50,,0.14,-2.522,-0.315,3.0,6,20000000000,105000000000
